detection_score,elapsed_s,median_delta_u_px,median_delta_v_px,median_joint_error_px,mode,projection_model,recording,sample_index,side,time_shift_ms,video_frame_index
0.6514718532562256,1.0162080000009155,-16.05076055233883,98.71039630894404,101.33366950729759,direct,eucm,ego带tof,0,left_hand,0.0,61
0.9877557754516602,1.0162080000009155,30.712833961205888,7.875065579667535,42.481310442874694,direct,eucm,ego带tof,0,right_hand,0.0,61
0.8357504606246948,1.2660550000000512,-16.400045987283477,98.27341960601586,100.91823280109118,direct,eucm,ego带tof,1,left_hand,0.0,76
0.9746226668357849,1.2660550000000512,16.426761305635182,-26.263380695415435,39.20206981475885,direct,eucm,ego带tof,1,right_hand,0.0,76
0.9226356744766235,1.5159239999993588,-15.712329389527213,93.26607622294046,96.63946633793161,direct,eucm,ego带tof,2,left_hand,0.0,91
0.9762072563171387,1.5159239999993588,1.981264874877752,-43.54845677059666,46.52443583494356,direct,eucm,ego带tof,2,right_hand,0.0,91
0.6076048612594604,1.7657900000012887,-14.610111738479986,91.67372879637799,94.16003861845012,direct,eucm,ego带tof,3,left_hand,0.0,106
0.9601686000823975,1.7657900000012887,0.04200150006181502,-24.26012961457627,29.788232913135747,direct,eucm,ego带tof,3,right_hand,0.0,106
0.8218392133712769,2.0157230000004347,-13.544209883143822,90.4423827180351,92.89292049813105,direct,eucm,ego带tof,4,left_hand,0.0,121
0.9621993899345398,2.0157230000004347,1.510259798802963,-13.8135675348002,20.931712682148223,direct,eucm,ego带tof,4,right_hand,0.0,121
0.846406877040863,2.265547000002698,-14.711815517718605,91.04810718649628,93.6979174182619,direct,eucm,ego带tof,5,left_hand,0.0,136
0.9906699061393738,2.265547000002698,0.8362310447815844,-8.075523367694359,9.946972838205635,direct,eucm,ego带tof,5,right_hand,0.0,136
0.7290077805519104,2.5154309999998077,-14.353834880884904,90.99629492297356,93.34770368780347,direct,eucm,ego带tof,6,left_hand,0.0,151
0.8862011432647705,2.5154309999998077,-1.902552432217135,-4.67976911907499,7.579278919495912,direct,eucm,ego带tof,6,right_hand,0.0,151
0.8305389285087585,2.7653150000005553,-14.239202306157836,91.53499726599648,93.9016731028901,direct,eucm,ego带tof,7,left_hand,0.0,166
0.8746105432510376,2.7653150000005553,0.9688597276482369,-6.827312552191756,7.660228114716019,direct,eucm,ego带tof,7,right_hand,0.0,166
0.8676229119300842,3.0151810000024852,-14.696692800711617,91.92958877905642,94.52294574692618,direct,eucm,ego带tof,8,left_hand,0.0,181
0.9360130429267883,3.0151810000024852,3.3952000898843835,-16.845004980700878,18.516526335868804,direct,eucm,ego带tof,8,right_hand,0.0,181
0.925102710723877,3.265078000000358,-14.560890814035702,90.6042249788843,93.64528470440185,direct,eucm,ego带tof,9,left_hand,0.0,196
0.9538155794143677,3.265078000000358,7.676905364036202,-20.88986660120429,22.902497251868585,direct,eucm,ego带tof,9,right_hand,0.0,196
0.7406121492385864,3.514936999999918,-14.412335139614243,94.04237956520899,96.38844215524504,direct,eucm,ego带tof,10,left_hand,0.0,211
0.9548575282096863,3.514936999999918,9.052512528496777,-19.697333922822963,22.31484784422748,direct,eucm,ego带tof,10,right_hand,0.0,211
0.9535417556762695,3.7647969999998168,-17.62310368367116,81.90205868811984,87.28993383300137,direct,eucm,ego带tof,11,left_hand,0.0,226
0.937639594078064,3.7647969999998168,5.749502838211129,-22.143623289806783,24.443993041458796,direct,eucm,ego带tof,11,right_hand,0.0,226
0.9108502268791199,4.014654000002338,-34.97503562364,51.41469021190676,69.31128798676409,direct,eucm,ego带tof,12,left_hand,0.0,241
0.9586971998214722,4.014654000002338,7.519275689075926,-22.22370233460572,24.423252906019197,direct,eucm,ego带tof,12,right_hand,0.0,241
0.8324170112609863,4.264524000001984,-45.325066719273366,6.8904958266390395,49.52265677122429,direct,eucm,ego带tof,13,left_hand,0.0,256
0.9639177918434143,4.264524000001984,8.406787730790938,-21.285720509379075,23.525202300046065,direct,eucm,ego带tof,13,right_hand,0.0,256
0.6919918060302734,4.514390000000276,-30.228226144448172,-13.185200771794257,39.702965172921736,direct,eucm,ego带tof,14,left_hand,0.0,271
0.9565480947494507,4.514390000000276,5.889808353844273,-21.015594823469087,21.989155804367673,direct,eucm,ego带tof,14,right_hand,0.0,271
0.5923431515693665,4.764251000000513,-20.467158668431807,-5.13176018999593,28.34100607052719,direct,eucm,ego带tof,15,left_hand,0.0,286
0.9284804463386536,4.764251000000513,2.991796649357866,-21.399791124711896,21.93626467645026,direct,eucm,ego带tof,15,right_hand,0.0,286
0.6153179407119751,5.01409699999931,-17.26084654938711,5.1616914685977235,18.640395378811924,direct,eucm,ego带tof,16,left_hand,0.0,301
0.9581605195999146,5.01409699999931,5.911959290055279,-19.512695131940745,19.955801083027467,direct,eucm,ego带tof,16,right_hand,0.0,301
0.8287489414215088,5.263964000001579,-11.683082376820153,8.261103675232562,18.27530014455497,direct,eucm,ego带tof,17,left_hand,0.0,316
0.9555438756942749,5.263964000001579,5.395268217891953,-18.52633482397505,19.082002467798848,direct,eucm,ego带tof,17,right_hand,0.0,316
0.9465999603271484,5.5138350000015635,4.1939436766276685,-18.55624123879943,20.347788708449805,direct,eucm,ego带tof,18,right_hand,0.0,331
0.9615907073020935,5.763681000000361,-0.08650349199479024,-23.817404885796464,24.586252751409244,direct,eucm,ego带tof,19,right_hand,0.0,346
0.5192209482192993,6.013559000002715,-12.069683898428593,-30.70020462103446,34.717351348077045,direct,eucm,ego带tof,20,left_hand,0.0,361
0.9468889236450195,6.013559000002715,4.147861364041773,-20.835996191934896,22.297156412338587,direct,eucm,ego带tof,20,right_hand,0.0,361
0.8220239877700806,6.263433000000077,-9.398020963101317,-48.78988859963658,51.3804901154996,direct,eucm,ego带tof,21,left_hand,0.0,376
0.9545929431915283,6.263433000000077,4.549112567989255,-20.027822785674857,22.23161932609348,direct,eucm,ego带tof,21,right_hand,0.0,376
0.7567025423049927,6.5133050000004005,-5.42410838362764,-47.14653187231488,48.70486572534431,direct,eucm,ego带tof,22,left_hand,0.0,391
0.9437798261642456,6.5133050000004005,5.808856507104679,-19.213702690129708,20.96701113025922,direct,eucm,ego带tof,22,right_hand,0.0,391
0.7451897263526917,6.763216999999713,-1.0704408593275048,-23.700614089697183,24.052421713656443,direct,eucm,ego带tof,23,left_hand,0.0,406
0.9628702998161316,6.763216999999713,4.075524499019821,-20.640799341544607,21.353269528744672,direct,eucm,ego带tof,23,right_hand,0.0,406
0.9276918768882751,7.01307799999995,4.5143292503345265,-15.550282700463526,15.991319367507135,direct,eucm,ego带tof,24,left_hand,0.0,421
0.940629243850708,7.01307799999995,6.183111298271001,-19.94884142817523,21.058670998485265,direct,eucm,ego带tof,24,right_hand,0.0,421
0.6281761527061462,7.262950000000274,3.342200011080763,-12.648809510589558,15.28408248654,direct,eucm,ego带tof,25,left_hand,0.0,436
0.9083656072616577,7.262950000000274,4.383566325199581,-19.282487799656224,20.335129573299866,direct,eucm,ego带tof,25,right_hand,0.0,436
0.6545135378837585,7.512811000000511,4.601212859069733,-13.855471458549346,15.423688789963661,direct,eucm,ego带tof,26,left_hand,0.0,451
0.9299256801605225,7.512811000000511,5.674613540082191,-19.370871897234565,21.291681579291794,direct,eucm,ego带tof,26,right_hand,0.0,451
0.9678739905357361,7.762681000000157,2.166176356846563,-13.232500618160543,16.829392494951996,direct,eucm,ego带tof,27,left_hand,0.0,466
0.9297561049461365,7.762681000000157,6.61694616417094,-18.7614636180067,19.802582958775023,direct,eucm,ego带tof,27,right_hand,0.0,466
0.9642632603645325,8.012565000000905,0.6460841731468463,-16.502460862763883,18.168839005895904,direct,eucm,ego带tof,28,left_hand,0.0,481
0.9439938068389893,8.012565000000905,5.551342857468853,-19.200557065007047,20.76275898908376,direct,eucm,ego带tof,28,right_hand,0.0,481
0.9820082783699036,8.262432999999874,0.2839844188659981,-21.14102083002001,24.563024223518244,direct,eucm,ego带tof,29,left_hand,0.0,496
0.9498097896575928,8.262432999999874,4.993516653829033,-20.767678333134654,21.733139435951784,direct,eucm,ego带tof,29,right_hand,0.0,496
0.9757798910140991,8.512359000000288,-2.9456692241905102,-23.71375522926428,27.858773228322274,direct,eucm,ego带tof,30,left_hand,0.0,511
0.9560633301734924,8.512359000000288,4.315668226229832,-20.855302359712823,22.17929603740082,direct,eucm,ego带tof,30,right_hand,0.0,511
0.9214133024215698,8.762210000000778,-14.556739395662476,10.126437943654196,26.386754777411372,direct,eucm,ego带tof,31,left_hand,0.0,526
0.954925537109375,8.762210000000778,4.033058170100958,-21.068022288653424,23.221778715297017,direct,eucm,ego带tof,31,right_hand,0.0,526
0.9596275091171265,9.012090000000171,-16.92951816410573,56.08843980629899,63.97079837479991,direct,eucm,ego带tof,32,left_hand,0.0,541
0.956672191619873,9.012090000000171,4.994943892814945,-20.68373386203018,21.968718158840513,direct,eucm,ego带tof,32,right_hand,0.0,541
0.90680330991745,9.261975000001257,-14.193745540493353,84.68664415357887,87.58143485590377,direct,eucm,ego带tof,33,left_hand,0.0,556
0.9657820463180542,9.261975000001257,4.279630399578309,-20.788748953930735,21.22468655661494,direct,eucm,ego带tof,33,right_hand,0.0,556
0.934205174446106,9.511816000002,-13.275444740833223,86.4397214245248,89.96356146102073,direct,eucm,ego带tof,34,left_hand,0.0,571
0.9367544651031494,9.511816000002,5.781762835456448,-22.043856807328893,23.63264281207363,direct,eucm,ego带tof,34,right_hand,0.0,571
0.89725661277771,9.761677000002237,-13.3912589527568,87.92420534304131,90.53432178467135,direct,eucm,ego带tof,35,left_hand,0.0,586
0.9467913508415222,9.761677000002237,4.329210634851847,-22.023081350338998,23.210085165352112,direct,eucm,ego带tof,35,right_hand,0.0,586
0.7976264953613281,10.01154999999926,-12.323739641195289,86.89079604546805,89.2136093510018,direct,eucm,ego带tof,36,left_hand,0.0,601
0.9175580739974976,10.01154999999926,1.0496338421928613,-15.991475692322297,16.3655745152161,direct,eucm,ego带tof,36,right_hand,0.0,601
0.764995276927948,10.261426000000938,-12.208547916188763,86.98244136890833,89.25313737114676,direct,eucm,ego带tof,37,left_hand,0.0,616
0.8846996426582336,10.261426000000938,-3.7043339204066115,-6.199442782930532,8.236744336312546,direct,eucm,ego带tof,37,right_hand,0.0,616
0.5674142837524414,10.511277000001428,-12.392174456405655,86.7073797341942,88.96957313279879,direct,eucm,ego带tof,38,left_hand,0.0,631
0.8530995845794678,10.511277000001428,-3.6012108237010807,-3.297062932434301,7.917701279082728,direct,eucm,ego带tof,38,right_hand,0.0,631
0.6624232530593872,10.761146000000736,-11.922705392053103,87.00530709176701,89.13968442989044,direct,eucm,ego带tof,39,left_hand,0.0,646
0.5424896478652954,10.761146000000736,-7.194316354251441,-0.42450447047565376,16.69609046335547,direct,eucm,ego带tof,39,right_hand,0.0,646
0.5941784977912903,11.011010000001988,-12.538157017377785,88.07024713651947,90.20927500502047,direct,eucm,ego带tof,40,left_hand,0.0,661
0.9807374477386475,11.011010000001988,-1.3641989345203456,-7.107378742823585,9.614569350229543,direct,eucm,ego带tof,40,right_hand,0.0,661
0.8406916856765747,11.260874999999942,-12.21989939771106,85.11277449155534,88.40081475212824,direct,eucm,ego带tof,41,left_hand,0.0,676
0.9709338545799255,11.260874999999942,1.4860244988882414,-28.72775720442155,32.24783326074644,direct,eucm,ego带tof,41,right_hand,0.0,676
0.6274437308311462,11.510731000002124,-11.83738138198288,88.25638820452923,90.66042241470801,direct,eucm,ego带tof,42,left_hand,0.0,691
0.974320650100708,11.510731000002124,6.3588650466770105,-27.411548946797097,31.77393378550919,direct,eucm,ego带tof,42,right_hand,0.0,691
0.7808719873428345,11.760587000000669,-12.32830911272822,89.12296530681294,91.17641689779796,direct,eucm,ego带tof,43,left_hand,0.0,706
0.7527731657028198,12.010470000001078,-12.61792313791949,90.94564769483077,92.77071855965626,direct,eucm,ego带tof,44,left_hand,0.0,721
0.9482568502426147,12.010470000001078,18.198506277476667,45.970584903185454,52.20114848427496,direct,eucm,ego带tof,44,right_hand,0.0,721
0.809097409248352,12.260385000001406,-12.318849677565083,90.5410827806794,92.90143420273715,direct,eucm,ego带tof,45,left_hand,0.0,736
0.965202808380127,12.260385000001406,13.18484822153414,70.0469304669598,75.93817893033923,direct,eucm,ego带tof,45,right_hand,0.0,736
0.716115415096283,12.510259999999107,-14.131111574846045,89.17567469989035,91.57755893057477,direct,eucm,ego带tof,46,left_hand,0.0,751
0.9766116142272949,12.510259999999107,13.365424747292764,76.75591879202454,78.78192527785853,direct,eucm,ego带tof,46,right_hand,0.0,751
0.8167204856872559,12.760132999999769,-12.634963286304469,85.33150926049427,88.11809105418844,direct,eucm,ego带tof,47,left_hand,0.0,766
0.9754782319068909,12.760132999999769,13.475263950021827,75.73720771680757,80.35331116645816,direct,eucm,ego带tof,47,right_hand,0.0,766
0.9674617052078247,13.009999000001699,-16.57577852135313,57.94712182442299,66.49850592750312,direct,eucm,ego带tof,48,left_hand,0.0,781
0.9708678126335144,13.009999000001699,13.095534142526503,75.21226682535223,80.86408296214078,direct,eucm,ego带tof,48,right_hand,0.0,781
0.9691278338432312,13.259862999999314,-15.365679072739113,18.195127915084868,34.574430489172016,direct,eucm,ego带tof,49,left_hand,0.0,796
0.9759398102760315,13.259862999999314,12.937021021510873,74.42365046572957,78.85386045906677,direct,eucm,ego带tof,49,right_hand,0.0,796
0.9826738834381104,13.509735999999975,-9.236579101356483,-5.399735836030686,23.664523533418244,direct,eucm,ego带tof,50,left_hand,0.0,811
0.9757022261619568,13.509735999999975,12.100283047070661,72.50862229894278,77.96889252442763,direct,eucm,ego带tof,50,right_hand,0.0,811
0.7457168102264404,13.759592000002158,-1.619997712146528,-3.213644442713189,15.448358844109922,direct,eucm,ego带tof,51,left_hand,0.0,826
0.9654384851455688,13.759592000002158,11.031277191010531,70.0355768739596,76.65958482052416,direct,eucm,ego带tof,51,right_hand,0.0,826
0.9252957701683044,14.009479000000283,-1.4566993480990504,1.278524650461236,14.536252938671236,direct,eucm,ego带tof,52,left_hand,0.0,841
0.9747506380081177,14.009479000000283,12.149549714216846,70.26362474752364,74.84002782888902,direct,eucm,ego带tof,52,right_hand,0.0,841
0.9898374080657959,14.25935500000196,0.9014019226102619,1.9323061526031324,10.506980985712952,direct,eucm,ego带tof,53,left_hand,0.0,856
0.9629153609275818,14.25935500000196,11.785728945451979,69.23452657030327,74.62811227905793,direct,eucm,ego带tof,53,right_hand,0.0,856
0.9822144508361816,14.509228999999323,1.149595269709721,-0.6515207501977329,8.637421342622561,direct,eucm,ego带tof,54,left_hand,0.0,871
0.9705159664154053,14.509228999999323,11.494481553467267,69.67383137022614,74.46498401462883,direct,eucm,ego带tof,54,right_hand,0.0,871
0.973755955696106,14.759101999999984,-2.050631810955565,-6.295926480196954,10.722361142741123,direct,eucm,ego带tof,55,left_hand,0.0,886
0.9688332080841064,14.759101999999984,10.587603807730261,68.60011521635272,73.74701052081149,direct,eucm,ego带tof,55,right_hand,0.0,886
0.9912985563278198,15.008985000000393,-0.8163089820088771,-15.136169859327197,19.508338404758295,direct,eucm,ego带tof,56,left_hand,0.0,901
0.9814382791519165,15.008985000000393,10.95454351421381,67.95959174157247,73.05032850369457,direct,eucm,ego带tof,56,right_hand,0.0,901
0.9959381222724915,15.25886299999911,-1.7886433782108497,-10.872211734986536,15.574184968530435,direct,eucm,ego带tof,57,left_hand,0.0,916
0.9786078333854675,15.25886299999911,10.609858250538082,68.46753216429033,73.44807998476654,direct,eucm,ego带tof,57,right_hand,0.0,916
0.9911249279975891,15.508739000000787,-2.7249569389799717,-1.3158763489647072,10.620473921717904,direct,eucm,ego带tof,58,left_hand,0.0,931
0.9690172076225281,15.508739000000787,11.390573057274423,68.22254859159432,73.25892203004685,direct,eucm,ego带tof,58,right_hand,0.0,931
0.99155193567276,15.758625000002212,-3.402794118080351,6.816760953596031,11.00347417611659,direct,eucm,ego带tof,59,left_hand,0.0,946
0.9707463383674622,15.758625000002212,10.742680380917704,65.91522340578751,71.38286188953003,direct,eucm,ego带tof,59,right_hand,0.0,946
0.996241569519043,16.008484000001772,-0.731489825163635,10.785339346328897,11.586951468944076,direct,eucm,ego带tof,60,left_hand,0.0,961
0.9622177481651306,16.008484000001772,10.892344505677556,65.11932740596467,70.00406851698733,direct,eucm,ego带tof,60,right_hand,0.0,961
0.9929208159446716,16.258320000000822,1.026808496998683,2.497004713516503,12.576703797287937,direct,eucm,ego带tof,61,left_hand,0.0,976
0.9608943462371826,16.258320000000822,10.42171383167647,64.47202563966027,69.02470622995493,direct,eucm,ego带tof,61,right_hand,0.0,976
0.9779877662658691,16.508179000000382,-2.643241288413151,-2.8365704217920893,15.437630899967173,direct,eucm,ego带tof,62,left_hand,0.0,991
0.9719832539558411,16.508179000000382,11.334591245658771,64.33606149466118,70.12360931803033,direct,eucm,ego带tof,62,right_hand,0.0,991
0.9931846261024475,16.75803900000028,1.3647537950298556,-4.447259118875763,20.126609246676566,direct,eucm,ego带tof,63,left_hand,0.0,1006
0.9629107117652893,16.75803900000028,11.166107910133633,67.27111961884862,70.31591529569985,direct,eucm,ego带tof,63,right_hand,0.0,1006
0.9871450066566467,17.007903000001534,-7.461461268563767,-0.56572161695658,23.225853314923874,direct,eucm,ego带tof,64,left_hand,0.0,1021
0.971278727054596,17.007903000001534,12.165215191476932,68.51415432813087,72.40910909491369,direct,eucm,ego带tof,64,right_hand,0.0,1021
0.969463050365448,17.257778999999573,-21.704084707079744,29.221468871463003,48.4212634622932,direct,eucm,ego带tof,65,left_hand,0.0,1036
0.9736483097076416,17.257778999999573,12.190107855754263,73.7111999408977,75.27906204928654,direct,eucm,ego带tof,65,right_hand,0.0,1036
0.8175167441368103,17.507688000001508,-25.64783616771888,75.95983306608048,85.19073634671115,direct,eucm,ego带tof,66,left_hand,0.0,1051
0.9678357243537903,17.507688000001508,11.352315433092258,75.51594769358485,78.781433500999,direct,eucm,ego带tof,66,right_hand,0.0,1051
0.780258059501648,17.75755500000014,-17.580782154096937,98.94925856201178,102.76770577058284,direct,eucm,ego带tof,67,left_hand,0.0,1066
0.9724577069282532,17.75755500000014,12.257250385166685,77.16455645187625,81.20638985011117,direct,eucm,ego带tof,67,right_hand,0.0,1066
0.8453022241592407,18.00745100000131,-15.403710268012617,101.89532064528555,104.88176293326009,direct,eucm,ego带tof,68,left_hand,0.0,1081
0.9759924411773682,18.00745100000131,11.347953246349789,76.85503702893652,80.92665228032956,direct,eucm,ego带tof,68,right_hand,0.0,1081
0.5139521360397339,18.507158000000345,-15.02138287640173,105.73160590858993,108.72596533149695,direct,eucm,ego带tof,70,left_hand,0.0,1111
0.9841640591621399,18.507158000000345,24.319602063069965,5.838707749639639,37.7433299191411,direct,eucm,ego带tof,70,right_hand,0.0,1111
0.804888129234314,18.757025000002614,-14.186488322726916,102.90355692117635,105.74020815226166,direct,eucm,ego带tof,71,left_hand,0.0,1126
0.9723613262176514,18.757025000002614,20.800168222081197,-39.64119757744152,50.14766568759001,direct,eucm,ego带tof,71,right_hand,0.0,1126
0.737935483455658,19.006869000000734,-14.213553585777618,99.94721626831983,102.83362135071282,direct,eucm,ego带tof,72,left_hand,0.0,1141
0.9805241823196411,19.006869000000734,11.813007775078518,-53.793622985470165,60.297832705477674,direct,eucm,ego带tof,72,right_hand,0.0,1141
0.5486709475517273,19.256744000002072,-13.75439921114662,98.77253156004758,101.44495685756215,direct,eucm,ego带tof,73,left_hand,0.0,1156
0.885277509689331,19.256744000002072,11.640856597839388,-46.45283232029419,54.0715444353351,direct,eucm,ego带tof,73,right_hand,0.0,1156
0.5261875987052917,19.50662200000079,-13.38886379454982,97.32626604104735,99.75771232245033,direct,eucm,ego带tof,74,left_hand,0.0,1171
0.9873683452606201,19.50662200000079,10.897828582603552,-40.68830157550326,42.62150438864396,direct,eucm,ego带tof,74,right_hand,0.0,1171
0.6280564069747925,19.756483000001026,-12.464372516277422,96.92963023922562,98.9243026740254,direct,eucm,ego带tof,75,left_hand,0.0,1186
0.9874472618103027,19.756483000001026,8.710003752401803,-40.29796600106704,42.026869312808174,direct,eucm,ego带tof,75,right_hand,0.0,1186
0.7495651245117188,20.006353000000672,-13.034748109384054,95.54461331566233,97.89643962684161,direct,eucm,ego带tof,76,left_hand,0.0,1201
0.9925699830055237,20.006353000000672,9.181381462041486,-46.08511319842171,46.95446678551478,direct,eucm,ego带tof,76,right_hand,0.0,1201
0.6554721593856812,20.25627600000007,-13.480043009083886,97.6403292052305,100.30063207173956,direct,eucm,ego带tof,77,left_hand,0.0,1216
0.9925079941749573,20.25627600000007,12.671649927541466,-62.29802788237146,65.49019491713162,direct,eucm,ego带tof,77,right_hand,0.0,1216
0.8600575923919678,20.506169000000227,-13.487880667081527,95.0418971238164,97.78395229911615,direct,eucm,ego带tof,78,left_hand,0.0,1231
0.9891429543495178,20.506169000000227,10.819260885462882,-75.03719919695277,76.38431128922105,direct,eucm,ego带tof,78,right_hand,0.0,1231
0.7607075572013855,20.755998000000545,-13.467372505857043,94.47849008073558,97.53341862866931,direct,eucm,ego带tof,79,left_hand,0.0,1246
0.986925482749939,20.755998000000545,7.840954016964702,-63.73786189023156,66.01603956844673,direct,eucm,ego带tof,79,right_hand,0.0,1246
0.6423020362854004,21.005808000001707,-12.844378686881328,93.15537175014788,95.76719322785229,direct,eucm,ego带tof,80,left_hand,0.0,1261
0.9816989898681641,21.005808000001707,5.040808495059196,-46.68172508880252,47.465531901144026,direct,eucm,ego带tof,80,right_hand,0.0,1261
0.582703173160553,21.25564900000245,-12.198123314076895,92.45964266824512,94.90910872133092,direct,eucm,ego带tof,81,left_hand,0.0,1276
0.9760788679122925,21.25564900000245,3.2538206198930766,-33.37878401979731,35.669856518207524,direct,eucm,ego带tof,81,right_hand,0.0,1276
0.8041749000549316,21.5054850000015,-13.237379965100558,93.31127665005283,95.74590238171247,direct,eucm,ego带tof,82,left_hand,0.0,1291
0.9640715718269348,21.5054850000015,1.2517831052032307,-30.291851143981603,32.77789696352282,direct,eucm,ego带tof,82,right_hand,0.0,1291
0.7534166574478149,21.755339999999705,-13.240733272606235,92.40122954475783,95.16251499549035,direct,eucm,ego带tof,83,left_hand,0.0,1306
0.5722086429595947,22.005177999999432,-13.279975560373032,93.06982518261077,95.56642278058783,direct,eucm,ego带tof,84,left_hand,0.0,1321
0.9558802843093872,22.005177999999432,1.5996872064367835,-43.6084942112177,46.1501029021492,direct,eucm,ego带tof,84,right_hand,0.0,1321
0.8035581111907959,22.255056000001787,-13.34574434092599,92.89901144430007,96.03580538150486,direct,eucm,ego带tof,85,left_hand,0.0,1336
0.954319417476654,22.255056000001787,1.657541244923209,-41.62669037547653,46.03731349245524,direct,eucm,ego带tof,85,right_hand,0.0,1336
0.7800463438034058,22.504923000000417,-13.268559979092288,92.49581143418175,94.98297016517569,direct,eucm,ego带tof,86,left_hand,0.0,1351
0.972173810005188,22.504923000000417,5.783625664064402,-39.51710886455203,45.0213316197222,direct,eucm,ego带tof,86,right_hand,0.0,1351
0.8578619956970215,22.754801999999472,-13.119589242439247,94.6213609241745,97.13589550448604,direct,eucm,ego带tof,87,left_hand,0.0,1366
0.9817680716514587,22.754801999999472,17.70280807915094,-18.08319557602306,33.50352711671192,direct,eucm,ego带tof,87,right_hand,0.0,1366
0.6514718532562256,1.0162080000009155,-3.180510082187311,93.56089644797612,94.1727984063619,provided_forward,eucm,ego带tof,0,left_hand,0.0,61
0.9877557754516602,1.0162080000009155,60.20232411163363,-9.673571161947848,63.748565257932434,provided_forward,eucm,ego带tof,0,right_hand,0.0,61
0.8357504606246948,1.2660550000000512,-3.549914555355656,92.73251408599253,93.29138853254226,provided_forward,eucm,ego带tof,1,left_hand,0.0,76
0.9746226668357849,1.2660550000000512,53.01799461867358,-48.60458014398205,75.41117925674305,provided_forward,eucm,ego带tof,1,right_hand,0.0,76
0.9226356744766235,1.5159239999993588,-2.642855414668702,87.8768192378111,88.81543888552704,provided_forward,eucm,ego带tof,2,left_hand,0.0,91
0.9762072563171387,1.5159239999993588,38.12293813288318,-67.30706226466896,76.70342697591127,provided_forward,eucm,ego带tof,2,right_hand,0.0,91
0.6076048612594604,1.7657900000012887,-1.3002174530001867,85.83200772901228,86.27070342226074,provided_forward,eucm,ego带tof,3,left_hand,0.0,106
0.9601686000823975,1.7657900000012887,34.35770416548951,-44.15522495535674,60.249550484604114,provided_forward,eucm,ego带tof,3,right_hand,0.0,106
0.8218392133712769,2.0157230000004347,-1.1168265592616535,84.60589866495957,85.09777353942408,provided_forward,eucm,ego带tof,4,left_hand,0.0,121
0.9621993899345398,2.0157230000004347,30.13669178844873,-31.80676132828762,47.76573450716414,provided_forward,eucm,ego带tof,4,right_hand,0.0,121
0.846406877040863,2.265547000002698,-1.9135212251001121,85.24537517267686,85.77009198955852,provided_forward,eucm,ego带tof,5,left_hand,0.0,136
0.9906699061393738,2.265547000002698,23.118524299331284,-24.032897051435384,33.92795708262894,provided_forward,eucm,ego带tof,5,right_hand,0.0,136
0.7290077805519104,2.5154309999998077,-1.7232558188607072,85.19826569726342,85.5994856693233,provided_forward,eucm,ego带tof,6,left_hand,0.0,151
0.8862011432647705,2.5154309999998077,14.38689669007897,-17.638023345769284,24.455610680986435,provided_forward,eucm,ego带tof,6,right_hand,0.0,151
0.8305389285087585,2.7653150000005553,-1.5852089856996372,85.7614884835051,86.16723723107404,provided_forward,eucm,ego带tof,7,left_hand,0.0,166
0.8746105432510376,2.7653150000005553,16.333602209385845,-19.42058056789665,25.232094069450437,provided_forward,eucm,ego带tof,7,right_hand,0.0,166
0.8676229119300842,3.0151810000024852,-1.9414427004730896,86.16457121307576,86.67618055086693,provided_forward,eucm,ego带tof,8,left_hand,0.0,181
0.9360130429267883,3.0151810000024852,19.230035278116134,-30.200200636111617,36.946553920921005,provided_forward,eucm,ego带tof,8,right_hand,0.0,181
0.925102710723877,3.265078000000358,-1.4339119303582493,85.05651317294996,85.7942508844502,provided_forward,eucm,ego带tof,9,left_hand,0.0,196
0.9538155794143677,3.265078000000358,23.026102834996095,-34.40388072600422,42.5795248580223,provided_forward,eucm,ego带tof,9,right_hand,0.0,196
0.7406121492385864,3.514936999999918,-1.2682448754291613,88.27244495369155,88.64264868689418,provided_forward,eucm,ego带tof,10,left_hand,0.0,211
0.9548575282096863,3.514936999999918,24.23963162786788,-33.55063758166011,41.52026774201175,provided_forward,eucm,ego带tof,10,right_hand,0.0,211
0.9535417556762695,3.7647969999998168,-5.214464586720737,76.28081478580111,78.5408085612775,provided_forward,eucm,ego带tof,11,left_hand,0.0,226
0.937639594078064,3.7647969999998168,20.95559499967885,-35.5789861847818,43.210381141549945,provided_forward,eucm,ego带tof,11,right_hand,0.0,226
0.9108502268791199,4.014654000002338,-24.284452177078833,45.13594654185499,59.93477820609536,provided_forward,eucm,ego带tof,12,left_hand,0.0,241
0.9586971998214722,4.014654000002338,24.206129648157457,-36.09829866932773,44.47331977381749,provided_forward,eucm,ego带tof,12,right_hand,0.0,241
0.8324170112609863,4.264524000001984,-38.146140954907196,0.8439604023257061,44.06687829515169,provided_forward,eucm,ego带tof,13,left_hand,0.0,256
0.9639177918434143,4.264524000001984,23.2745877174018,-34.57890195040898,42.7197190526412,provided_forward,eucm,ego带tof,13,right_hand,0.0,256
0.6919918060302734,4.514390000000276,-22.96621155951948,-20.09658038681937,38.0457638880901,provided_forward,eucm,ego带tof,14,left_hand,0.0,271
0.9565480947494507,4.514390000000276,22.239823004602158,-34.36044652928001,40.708622361874625,provided_forward,eucm,ego带tof,14,right_hand,0.0,271
0.5923431515693665,4.764251000000513,-13.051022931271177,-12.1330876737253,25.37972824234587,provided_forward,eucm,ego带tof,15,left_hand,0.0,286
0.9284804463386536,4.764251000000513,18.03381589711978,-34.93395849267563,40.356989464741446,provided_forward,eucm,ego带tof,15,right_hand,0.0,286
0.6153179407119751,5.01409699999931,-8.724053020174892,-2.8565383914851736,17.88654739635521,provided_forward,eucm,ego带tof,16,left_hand,0.0,301
0.9581605195999146,5.01409699999931,21.06652115207794,-32.735160101824135,39.636941326248916,provided_forward,eucm,ego带tof,16,right_hand,0.0,301
0.8287489414215088,5.263964000001579,-2.4898163922669596,1.2167640686135428,15.508799465618113,provided_forward,eucm,ego带tof,17,left_hand,0.0,316
0.9555438756942749,5.263964000001579,20.351429101727945,-31.893818566499817,37.957181838722065,provided_forward,eucm,ego带tof,17,right_hand,0.0,316
0.9465999603271484,5.5138350000015635,19.18095986359981,-31.74056757255846,38.17704010659478,provided_forward,eucm,ego带tof,18,right_hand,0.0,331
0.9615907073020935,5.763681000000361,16.359461477338073,-37.411668849896614,43.21376826946069,provided_forward,eucm,ego带tof,19,right_hand,0.0,346
0.5192209482192993,6.013559000002715,-5.148171680107225,-37.35192902277868,39.502469177740956,provided_forward,eucm,ego带tof,20,left_hand,0.0,361
0.9468889236450195,6.013559000002715,19.061155772945312,-34.41949088234492,40.28967299005202,provided_forward,eucm,ego带tof,20,right_hand,0.0,361
0.8220239877700806,6.263433000000077,-1.3191793631684732,-57.3114107957191,58.05844110232737,provided_forward,eucm,ego带tof,21,left_hand,0.0,376
0.9545929431915283,6.263433000000077,19.812953128060258,-33.35737052866443,40.838768468599106,provided_forward,eucm,ego带tof,21,right_hand,0.0,376
0.7567025423049927,6.5133050000004005,3.852247153856183,-56.91791771812234,57.00260476453885,provided_forward,eucm,ego带tof,22,left_hand,0.0,391
0.9437798261642456,6.5133050000004005,20.92420723539044,-32.829426493957044,39.46397689516737,provided_forward,eucm,ego带tof,22,right_hand,0.0,391
0.7451897263526917,6.763216999999713,9.842510835097983,-34.072123293367895,35.55226075795373,provided_forward,eucm,ego带tof,23,left_hand,0.0,406
0.9628702998161316,6.763216999999713,19.24530383643662,-33.93939717625824,39.744959433076644,provided_forward,eucm,ego带tof,23,right_hand,0.0,406
0.9276918768882751,7.01307799999995,16.611753748751312,-25.739509115244573,27.983333641968446,provided_forward,eucm,ego带tof,24,left_hand,0.0,421
0.940629243850708,7.01307799999995,21.2304502171678,-33.1661724545321,40.4004605926324,provided_forward,eucm,ego带tof,24,right_hand,0.0,421
0.6281761527061462,7.262950000000274,14.830400460710393,-23.369188482008894,28.246357690222723,provided_forward,eucm,ego带tof,25,left_hand,0.0,436
0.9083656072616577,7.262950000000274,19.246852577043455,-32.54586419231168,38.76663566443561,provided_forward,eucm,ego带tof,25,right_hand,0.0,436
0.6545135378837585,7.512811000000511,16.661371393367858,-24.514228378468715,26.7030279996964,provided_forward,eucm,ego带tof,26,left_hand,0.0,451
0.9299256801605225,7.512811000000511,20.967872705552395,-33.0478396887728,40.36007440075984,provided_forward,eucm,ego带tof,26,right_hand,0.0,451
0.9678739905357361,7.762681000000157,22.265817134706936,-27.536692101470408,32.16686231494836,provided_forward,eucm,ego带tof,27,left_hand,0.0,466
0.9297561049461365,7.762681000000157,21.51470064338241,-32.03309278594156,38.39613041233861,provided_forward,eucm,ego带tof,27,right_hand,0.0,466
0.9642632603645325,8.012565000000905,19.896236933617615,-31.31033692771871,34.60606658080504,provided_forward,eucm,ego带tof,28,left_hand,0.0,481
0.9439938068389893,8.012565000000905,21.889773622491475,-32.86632592288311,40.98053921271471,provided_forward,eucm,ego带tof,28,right_hand,0.0,481
0.9820082783699036,8.262432999999874,17.817334460214056,-35.35871642949144,37.70555883117078,provided_forward,eucm,ego带tof,29,left_hand,0.0,496
0.9498097896575928,8.262432999999874,20.35432336661097,-34.39632449095279,40.69545977212152,provided_forward,eucm,ego带tof,29,right_hand,0.0,496
0.9757798910140991,8.512359000000288,12.254772913990678,-37.75246988984884,38.99423114808455,provided_forward,eucm,ego带tof,30,left_hand,0.0,511
0.9560633301734924,8.512359000000288,19.135892157819285,-34.43503493473702,40.36412966358863,provided_forward,eucm,ego带tof,30,right_hand,0.0,511
0.9214133024215698,8.762210000000778,-3.8129005796976116,1.501635343847397,19.548810134189868,provided_forward,eucm,ego带tof,31,left_hand,0.0,526
0.954925537109375,8.762210000000778,20.113239804609634,-34.478662247933016,41.60345517352833,provided_forward,eucm,ego带tof,31,right_hand,0.0,526
0.9596275091171265,9.012090000000171,-4.661849022584761,49.26122579012713,52.95482589270481,provided_forward,eucm,ego带tof,32,left_hand,0.0,541
0.956672191619873,9.012090000000171,20.338224867604026,-34.049627372527425,40.615198445807586,provided_forward,eucm,ego带tof,32,right_hand,0.0,541
0.90680330991745,9.261975000001257,-1.7842671678797615,78.71888115727734,79.35582299704957,provided_forward,eucm,ego带tof,33,left_hand,0.0,556
0.9657820463180542,9.261975000001257,21.222323375406404,-34.394905404104634,41.220496808057234,provided_forward,eucm,ego带tof,33,right_hand,0.0,556
0.934205174446106,9.511816000002,-0.22766745122055454,80.72123996603261,81.71587239824687,provided_forward,eucm,ego带tof,34,left_hand,0.0,571
0.9367544651031494,9.511816000002,20.70693884178138,-35.324910428749945,41.909855733408136,provided_forward,eucm,ego带tof,34,right_hand,0.0,571
0.89725661277771,9.761677000002237,-0.686751003881966,81.99747121138057,82.48499361168265,provided_forward,eucm,ego带tof,35,left_hand,0.0,586
0.9467913508415222,9.761677000002237,19.930185875258985,-35.677420043355255,41.08493550991422,provided_forward,eucm,ego带tof,35,right_hand,0.0,586
0.7976264953613281,10.01154999999926,0.6464251874647289,80.85642241883124,81.19235237657293,provided_forward,eucm,ego带tof,36,left_hand,0.0,601
0.9175580739974976,10.01154999999926,17.78392553213689,-29.22658638715302,34.37253834713905,provided_forward,eucm,ego带tof,36,right_hand,0.0,601
0.764995276927948,10.261426000000938,0.5269833865120859,80.98615339510354,81.3230677568817,provided_forward,eucm,ego带tof,37,left_hand,0.0,616
0.8846996426582336,10.261426000000938,11.839760424612678,-18.618396206452644,22.667685636065535,provided_forward,eucm,ego带tof,37,right_hand,0.0,616
0.5674142837524414,10.511277000001428,0.18810542048106527,80.75468680629103,81.09946051307955,provided_forward,eucm,ego带tof,38,left_hand,0.0,631
0.8530995845794678,10.511277000001428,11.863491963280808,-16.151606145646383,22.713725128672777,provided_forward,eucm,ego带tof,38,right_hand,0.0,631
0.6624232530593872,10.761146000000736,0.9556099614608797,80.98752141162208,81.2597504726402,provided_forward,eucm,ego带tof,39,left_hand,0.0,646
0.5424896478652954,10.761146000000736,9.678296224733913,-13.674851773605837,22.725776698455494,provided_forward,eucm,ego带tof,39,right_hand,0.0,646
0.5941784977912903,11.011010000001988,1.0358615685454993,82.19433293762222,82.47071838844332,provided_forward,eucm,ego带tof,40,left_hand,0.0,661
0.9807374477386475,11.011010000001988,17.62169514931793,-21.15792091986839,30.05627817353664,provided_forward,eucm,ego带tof,40,right_hand,0.0,661
0.8406916856765747,11.260874999999942,0.42281824748664576,79.42401568416051,80.29109540711448,provided_forward,eucm,ego带tof,41,left_hand,0.0,676
0.9709338545799255,11.260874999999942,31.2903572694496,-49.57516539888309,57.32979719522258,provided_forward,eucm,ego带tof,41,right_hand,0.0,676
0.6274437308311462,11.510731000002124,0.9914188498896124,82.28121779513151,82.79535291911884,provided_forward,eucm,ego带tof,42,left_hand,0.0,691
0.974320650100708,11.510731000002124,47.63557950231905,-51.89902726852199,65.34353462490886,provided_forward,eucm,ego带tof,42,right_hand,0.0,691
0.7808719873428345,11.760587000000669,0.6826394241921889,83.17685951346823,83.44261243467331,provided_forward,eucm,ego带tof,43,left_hand,0.0,706
0.7527731657028198,12.010470000001078,0.1006034257607098,85.08652235506383,85.28044863289351,provided_forward,eucm,ego带tof,44,left_hand,0.0,721
0.9482568502426147,12.010470000001078,48.91745664221696,29.46506030646333,65.04139953814281,provided_forward,eucm,ego带tof,44,right_hand,0.0,721
0.809097409248352,12.260385000001406,0.36678079073851677,84.70928617227173,85.15123563629102,provided_forward,eucm,ego带tof,45,left_hand,0.0,736
0.965202808380127,12.260385000001406,45.161876617384564,54.470539443215785,79.2757061054569,provided_forward,eucm,ego带tof,45,right_hand,0.0,736
0.716115415096283,12.510259999999107,-1.1315289242992321,83.23298660541911,83.61492839810882,provided_forward,eucm,ego带tof,46,left_hand,0.0,751
0.9766116142272949,12.510259999999107,40.184110175387104,63.02658674025224,80.36337322685452,provided_forward,eucm,ego带tof,46,right_hand,0.0,751
0.8167204856872559,12.760132999999769,0.5623233292029113,79.50709591401653,80.08942096477674,provided_forward,eucm,ego带tof,47,left_hand,0.0,766
0.9754782319068909,12.760132999999769,41.70393368066766,61.65795985322234,80.9174243072287,provided_forward,eucm,ego带tof,47,right_hand,0.0,766
0.9674617052078247,13.009999000001699,-3.521945142379309,51.004103790060526,55.04241128458797,provided_forward,eucm,ego带tof,48,left_hand,0.0,781
0.9708678126335144,13.009999000001699,42.26490367874703,61.00465555134974,81.43675788325268,provided_forward,eucm,ego带tof,48,right_hand,0.0,781
0.9691278338432312,13.259862999999314,-3.1661438314733914,9.180517206461445,21.9775102995279,provided_forward,eucm,ego带tof,49,left_hand,0.0,796
0.9759398102760315,13.259862999999314,41.11218537372599,60.37828407716688,79.19356366017843,provided_forward,eucm,ego带tof,49,right_hand,0.0,796
0.9826738834381104,13.509735999999975,1.7274522380059238,-15.267193619131604,22.466568597987134,provided_forward,eucm,ego带tof,50,left_hand,0.0,811
0.9757022261619568,13.509735999999975,40.07726987146509,58.300734026756686,76.7156104792015,provided_forward,eucm,ego带tof,50,right_hand,0.0,811
0.7457168102264404,13.759592000002158,11.658339348493087,-14.416064933873713,19.56899726029698,provided_forward,eucm,ego带tof,51,left_hand,0.0,826
0.9654384851455688,13.759592000002158,37.88631436763308,56.22131999425562,73.74758175230265,provided_forward,eucm,ego带tof,51,right_hand,0.0,826
0.9252957701683044,14.009479000000283,14.490544889566422,-9.957518984621174,20.757195674401185,provided_forward,eucm,ego带tof,52,left_hand,0.0,841
0.9747506380081177,14.009479000000283,36.70024144477111,56.85954946591437,72.63717442392594,provided_forward,eucm,ego带tof,52,right_hand,0.0,841
0.9898374080657959,14.25935500000196,13.63953212709248,-7.781589480353659,16.63944638865863,provided_forward,eucm,ego带tof,53,left_hand,0.0,856
0.9629153609275818,14.25935500000196,37.59118088739979,55.303317252668876,72.65455263211568,provided_forward,eucm,ego带tof,53,right_hand,0.0,856
0.9822144508361816,14.509228999999323,13.897546053869064,-10.821678234146589,18.748295394843822,provided_forward,eucm,ego带tof,54,left_hand,0.0,871
0.9705159664154053,14.509228999999323,36.64461431362747,56.15373830779413,72.18996715072758,provided_forward,eucm,ego带tof,54,right_hand,0.0,871
0.973755955696106,14.759101999999984,10.245659011636917,-16.61775134294362,18.746307872156397,provided_forward,eucm,ego带tof,55,left_hand,0.0,886
0.9688332080841064,14.759101999999984,35.63349691848714,54.89358414438948,71.5386087213277,provided_forward,eucm,ego带tof,55,right_hand,0.0,886
0.9912985563278198,15.008985000000393,11.630843156698347,-26.227406066283493,28.144542199936545,provided_forward,eucm,ego带tof,56,left_hand,0.0,901
0.9814382791519165,15.008985000000393,36.87551029825397,54.05094435284309,71.54964583956993,provided_forward,eucm,ego带tof,56,right_hand,0.0,901
0.9959381222724915,15.25886299999911,14.548992499932297,-23.79842407197998,30.598134723976052,provided_forward,eucm,ego带tof,57,left_hand,0.0,916
0.9786078333854675,15.25886299999911,36.41875474219944,54.58388914132081,70.82886119844211,provided_forward,eucm,ego带tof,57,right_hand,0.0,916
0.9911249279975891,15.508739000000787,12.505915810919873,-12.991642200648812,20.738824659234556,provided_forward,eucm,ego带tof,58,left_hand,0.0,931
0.9690172076225281,15.508739000000787,35.41379113312382,54.56735585352544,69.877712462255,provided_forward,eucm,ego带tof,58,right_hand,0.0,931
0.99155193567276,15.758625000002212,11.648838381408268,-4.744793493477459,13.707180007851639,provided_forward,eucm,ego带tof,59,left_hand,0.0,946
0.9707463383674622,15.758625000002212,35.72403337985111,52.14618104635838,68.8736361049657,provided_forward,eucm,ego带tof,59,right_hand,0.0,946
0.996241569519043,16.008484000001772,13.277706570897294,-0.15070972948535655,14.491015475474885,provided_forward,eucm,ego带tof,60,left_hand,0.0,961
0.9622177481651306,16.008484000001772,34.2686408727219,51.61839449187471,67.53136427168815,provided_forward,eucm,ego带tof,60,right_hand,0.0,961
0.9929208159446716,16.258320000000822,19.582286270286318,-11.292307718114898,23.3031057319279,provided_forward,eucm,ego带tof,61,left_hand,0.0,976
0.9608943462371826,16.258320000000822,34.86292316931463,50.74735111314965,68.80471989536106,provided_forward,eucm,ego带tof,61,right_hand,0.0,976
0.9779877662658691,16.508179000000382,17.472550266664598,-17.433509924069995,27.737417057673078,provided_forward,eucm,ego带tof,62,left_hand,0.0,991
0.9719832539558411,16.508179000000382,35.654561202811465,50.528135426562585,68.5459851603775,provided_forward,eucm,ego带tof,62,right_hand,0.0,991
0.9931846261024475,16.75803900000028,19.461973000425814,-18.550249109709398,30.437740639044208,provided_forward,eucm,ego带tof,63,left_hand,0.0,1006
0.9629107117652893,16.75803900000028,35.57482641277818,53.49945900483101,68.90089263855266,provided_forward,eucm,ego带tof,63,right_hand,0.0,1006
0.9871450066566467,17.007903000001534,6.988581854853123,-12.257948873504574,22.37445511308844,provided_forward,eucm,ego带tof,64,left_hand,0.0,1021
0.971278727054596,17.007903000001534,37.06466745348712,54.577895726383986,70.48465522419801,provided_forward,eucm,ego带tof,64,right_hand,0.0,1021
0.969463050365448,17.257778999999573,-10.413131618630928,21.32753670434647,35.492333203263044,provided_forward,eucm,ego带tof,65,left_hand,0.0,1036
0.9736483097076416,17.257778999999573,39.2237511035388,59.70458520164834,74.9727444895948,provided_forward,eucm,ego带tof,65,right_hand,0.0,1036
0.8175167441368103,17.507688000001508,-13.686681551055699,70.28008599310385,75.42436898168381,provided_forward,eucm,ego带tof,66,left_hand,0.0,1051
0.9678357243537903,17.507688000001508,39.15697619618186,61.51324719999059,76.91767787947794,provided_forward,eucm,ego带tof,66,right_hand,0.0,1051
0.780258059501648,17.75755500000014,-4.697064773034128,93.83809928155449,95.1306019848102,provided_forward,eucm,ego带tof,67,left_hand,0.0,1066
0.9724577069282532,17.75755500000014,38.06762447445726,63.665265341005124,77.6230293539008,provided_forward,eucm,ego带tof,67,right_hand,0.0,1066
0.8453022241592407,18.00745100000131,-2.289902219005569,96.80809626618043,97.61777784876692,provided_forward,eucm,ego带tof,68,left_hand,0.0,1081
0.9759924411773682,18.00745100000131,37.63885128836455,63.287539350176985,77.75971597949021,provided_forward,eucm,ego带tof,68,right_hand,0.0,1081
0.5139521360397339,18.507158000000345,-1.96672098456213,100.70007994070102,101.54580051050044,provided_forward,eucm,ego带tof,70,left_hand,0.0,1111
0.9841640591621399,18.507158000000345,56.49382843856631,-12.314095399727648,59.2392138535777,provided_forward,eucm,ego带tof,70,right_hand,0.0,1111
0.804888129234314,18.757025000002614,-0.7562039789843311,97.74575909393639,98.44966382324486,provided_forward,eucm,ego带tof,71,left_hand,0.0,1126
0.9723613262176514,18.757025000002614,55.000997843278924,-61.590251649464676,86.28297914198649,provided_forward,eucm,ego带tof,71,right_hand,0.0,1126
0.737935483455658,19.006869000000734,-0.829511116254082,94.68566520310674,95.40161499786802,provided_forward,eucm,ego带tof,72,left_hand,0.0,1141
0.9805241823196411,19.006869000000734,41.81097298335817,-74.43628708035419,92.7891352943292,provided_forward,eucm,ego带tof,72,right_hand,0.0,1141
0.5486709475517273,19.256744000002072,-0.2604993996825442,93.42122499555046,94.00883916738569,provided_forward,eucm,ego带tof,73,left_hand,0.0,1156
0.885277509689331,19.256744000002072,35.00582478574165,-64.66968962326234,80.64155473722865,provided_forward,eucm,ego带tof,73,right_hand,0.0,1156
0.5261875987052917,19.50662200000079,0.3661347597191593,91.88725609969049,92.33137921386218,provided_forward,eucm,ego带tof,74,left_hand,0.0,1171
0.9873683452606201,19.50662200000079,33.50120049325892,-57.85879005221079,67.01445237572636,provided_forward,eucm,ego带tof,74,right_hand,0.0,1171
0.6280564069747925,19.756483000001026,1.4874356186127216,91.46414814935713,91.7101502579994,provided_forward,eucm,ego带tof,75,left_hand,0.0,1186
0.9874472618103027,19.756483000001026,31.29692081099722,-57.48927470750891,66.51502161903193,provided_forward,eucm,ego带tof,75,right_hand,0.0,1186
0.7495651245117188,20.006353000000672,0.7704669642646422,90.07817457652982,90.47242850563244,provided_forward,eucm,ego带tof,76,left_hand,0.0,1201
0.9925699830055237,20.006353000000672,30.37326757892879,-63.11372659147378,70.04197218585804,provided_forward,eucm,ego带tof,76,right_hand,0.0,1201
0.6554721593856812,20.25627600000007,0.06713502427498952,92.22504157385936,92.79723551166703,provided_forward,eucm,ego带tof,77,left_hand,0.0,1216
0.9925079941749573,20.25627600000007,33.76211726503857,-79.13503413099124,88.87458769550592,provided_forward,eucm,ego带tof,77,right_hand,0.0,1216
0.8600575923919678,20.506169000000227,-0.012730812353026977,89.59622162836342,90.19692885773368,provided_forward,eucm,ego带tof,78,left_hand,0.0,1231
0.9891429543495178,20.506169000000227,34.668641825685086,-93.4693467009098,100.66801018004936,provided_forward,eucm,ego带tof,78,right_hand,0.0,1231
0.7607075572013855,20.755998000000545,-0.048052707415877194,88.9653355001301,89.72639622808185,provided_forward,eucm,ego带tof,79,left_hand,0.0,1246
0.986925482749939,20.755998000000545,27.979903990441358,-80.21725120861765,87.4062231239383,provided_forward,eucm,ego带tof,79,right_hand,0.0,1246
0.6423020362854004,21.005808000001707,0.8356904673938743,87.57955942447359,88.0855543960997,provided_forward,eucm,ego带tof,80,left_hand,0.0,1261
0.9816989898681641,21.005808000001707,25.64511914955142,-62.858211990414816,68.70369961986313,provided_forward,eucm,ego带tof,80,right_hand,0.0,1261
0.582703173160553,21.25564900000245,1.4273235750957838,86.88439183065657,87.31805899417958,provided_forward,eucm,ego带tof,81,left_hand,0.0,1276
0.9760788679122925,21.25564900000245,24.4993712430296,-49.7299495257713,57.66299023106004,provided_forward,eucm,ego带tof,81,right_hand,0.0,1276
0.8041749000549316,21.5054850000015,0.4561311756958162,87.74103201548257,88.16057443861001,provided_forward,eucm,ego带tof,82,left_hand,0.0,1291
0.9640715718269348,21.5054850000015,25.827664360834433,-48.72047535986803,58.63890870902813,provided_forward,eucm,ego带tof,82,right_hand,0.0,1291
0.7534166574478149,21.755339999999705,0.29474283123829537,86.86394882419245,87.44874934272991,provided_forward,eucm,ego带tof,83,left_hand,0.0,1306
0.5722086429595947,22.005177999999432,0.530535157468421,87.4850569866968,87.93039745236264,provided_forward,eucm,ego带tof,84,left_hand,0.0,1321
0.9558802843093872,22.005177999999432,30.8313305486613,-64.47523950609946,77.75266509275315,provided_forward,eucm,ego带tof,84,right_hand,0.0,1321
0.8035581111907959,22.255056000001787,0.08007891570747461,87.36265417893378,88.15410141270125,provided_forward,eucm,ego带tof,85,left_hand,0.0,1336
0.954319417476654,22.255056000001787,37.14398493577664,-64.5253147316837,82.91060260012942,provided_forward,eucm,ego带tof,85,right_hand,0.0,1336
0.7800463438034058,22.504923000000417,0.4823856925795553,86.88906541859137,87.33074787810529,provided_forward,eucm,ego带tof,86,left_hand,0.0,1351
0.972173810005188,22.504923000000417,47.73555017114518,-63.39260196925238,88.70636766407578,provided_forward,eucm,ego带tof,86,right_hand,0.0,1351
0.8578619956970215,22.754801999999472,0.36428218370980403,89.1458140384907,89.63862862006859,provided_forward,eucm,ego带tof,87,left_hand,0.0,1366
0.9817680716514587,22.754801999999472,51.32910993666178,-39.47083237614231,67.27776172842367,provided_forward,eucm,ego带tof,87,right_hand,0.0,1366
0.6514718532562256,1.0162080000009155,-29.485338853512417,104.333393995792,110.24792521666424,provided_inverse,eucm,ego带tof,0,left_hand,0.0,61
0.9877557754516602,1.0162080000009155,0.5528878393838568,26.296820401655054,31.77489316042801,provided_inverse,eucm,ego带tof,0,right_hand,0.0,61
0.8357504606246948,1.2660550000000512,-29.798646511142238,104.31523525388161,110.442183685162,provided_inverse,eucm,ego带tof,1,left_hand,0.0,76
0.9746226668357849,1.2660550000000512,-18.158588760940006,-2.7383146710714072,37.04607871013386,provided_inverse,eucm,ego带tof,1,right_hand,0.0,76
0.9226356744766235,1.5159239999993588,-29.356221713886953,99.1452119957213,106.28148911207614,provided_inverse,eucm,ego带tof,2,left_hand,0.0,91
0.9762072563171387,1.5159239999993588,-36.488433779492766,-18.104061913971123,45.074696986358866,provided_inverse,eucm,ego带tof,2,right_hand,0.0,91
0.6076048612594604,1.7657900000012887,-28.04079088008126,98.0247305799362,104.03709834961644,provided_inverse,eucm,ego带tof,3,left_hand,0.0,106
0.9601686000823975,1.7657900000012887,-33.505145023558725,-2.805331032059712,37.06680432592875,provided_inverse,eucm,ego带tof,3,right_hand,0.0,106
0.8218392133712769,2.0157230000004347,-26.438768169457717,97.29024967988869,102.53655230511497,provided_inverse,eucm,ego带tof,4,left_hand,0.0,121
0.9621993899345398,2.0157230000004347,-28.4679416246546,5.486294106023138,30.971562578550955,provided_inverse,eucm,ego带tof,4,right_hand,0.0,121
0.846406877040863,2.265547000002698,-27.953762821986516,97.3483418869049,103.55372562215804,provided_inverse,eucm,ego带tof,5,left_hand,0.0,136
0.9906699061393738,2.265547000002698,-22.55114215731271,8.552253202922202,23.436110597786083,provided_inverse,eucm,ego带tof,5,right_hand,0.0,136
0.7290077805519104,2.5154309999998077,-27.484719815552978,97.28574465722909,103.01527568888976,provided_inverse,eucm,ego带tof,6,left_hand,0.0,151
0.8862011432647705,2.5154309999998077,-19.295375346636433,8.840582023037086,21.62065196795286,provided_inverse,eucm,ego带tof,6,right_hand,0.0,151
0.8305389285087585,2.7653150000005553,-27.398106327958885,98.1010855092544,103.56510943761691,provided_inverse,eucm,ego带tof,7,left_hand,0.0,166
0.8746105432510376,2.7653150000005553,-14.205039425387326,6.2729470830810214,16.151493686408415,provided_inverse,eucm,ego带tof,7,right_hand,0.0,166
0.8676229119300842,3.0151810000024852,-27.84608925431337,98.19062187431098,104.27675190793828,provided_inverse,eucm,ego带tof,8,left_hand,0.0,181
0.9360130429267883,3.0151810000024852,-12.501165190603388,-3.1118371776913136,12.511314543728812,provided_inverse,eucm,ego带tof,8,right_hand,0.0,181
0.925102710723877,3.265078000000358,-28.275660732867777,96.65296289540436,103.37392478899024,provided_inverse,eucm,ego带tof,9,left_hand,0.0,196
0.9538155794143677,3.265078000000358,-7.929780948241728,-6.941959319626449,10.851318520414035,provided_inverse,eucm,ego带tof,9,right_hand,0.0,196
0.7406121492385864,3.514936999999918,-28.154150316643495,100.34488937678623,106.20615916487257,provided_inverse,eucm,ego带tof,10,left_hand,0.0,211
0.9548575282096863,3.514936999999918,-6.219652793452951,-5.431731274721301,8.254615220861256,provided_inverse,eucm,ego带tof,10,right_hand,0.0,211
0.9535417556762695,3.7647969999998168,-30.6223661483437,88.03489280940994,97.62400282349867,provided_inverse,eucm,ego带tof,11,left_hand,0.0,226
0.937639594078064,3.7647969999998168,-9.460226958964995,-8.27946990727719,12.175107801824016,provided_inverse,eucm,ego带tof,11,right_hand,0.0,226
0.9108502268791199,4.014654000002338,-46.24294204477553,58.31595636615839,80.08313375096506,provided_inverse,eucm,ego带tof,12,left_hand,0.0,241
0.9586971998214722,4.014654000002338,-8.513949997191503,-7.9007578617288345,11.08684645202502,provided_inverse,eucm,ego带tof,12,right_hand,0.0,241
0.8324170112609863,4.264524000001984,-52.709476033373505,13.377399021977794,59.409511357452516,provided_inverse,eucm,ego带tof,13,left_hand,0.0,256
0.9639177918434143,4.264524000001984,-6.754886371732368,-7.58128334959747,10.378992903405505,provided_inverse,eucm,ego带tof,13,right_hand,0.0,256
0.6919918060302734,4.514390000000276,-37.67605998764071,-5.832291841005258,42.47989229199307,provided_inverse,eucm,ego带tof,14,left_hand,0.0,271
0.9565480947494507,4.514390000000276,-9.370969214966067,-7.104332147814262,11.250723917895314,provided_inverse,eucm,ego带tof,14,right_hand,0.0,271
0.5923431515693665,4.764251000000513,-28.47447214052295,2.28261568792675,31.543221788133778,provided_inverse,eucm,ego带tof,15,left_hand,0.0,286
0.9284804463386536,4.764251000000513,-12.083711059603047,-7.324429049097489,13.511478288211814,provided_inverse,eucm,ego带tof,15,right_hand,0.0,286
0.6153179407119751,5.01409699999931,-26.023353802040333,12.694816658420109,27.881242544810767,provided_inverse,eucm,ego带tof,16,left_hand,0.0,301
0.9581605195999146,5.01409699999931,-9.376370739496565,-5.840237258085381,10.873748310233179,provided_inverse,eucm,ego带tof,16,right_hand,0.0,301
0.8287489414215088,5.263964000001579,-20.662440635855887,15.748833068739259,27.498837409620066,provided_inverse,eucm,ego带tof,17,left_hand,0.0,316
0.9555438756942749,5.263964000001579,-9.694527086901644,-4.6992753972477885,10.098151203087964,provided_inverse,eucm,ego带tof,17,right_hand,0.0,316
0.9465999603271484,5.5138350000015635,-10.927117994506943,-4.941537737331032,12.321879880264179,provided_inverse,eucm,ego带tof,18,right_hand,0.0,331
0.9615907073020935,5.763681000000361,-16.280307568593457,-9.753389912523971,18.86298139818029,provided_inverse,eucm,ego带tof,19,right_hand,0.0,346
0.5192209482192993,6.013559000002715,-19.07571966158605,-23.730870332434733,30.667323836031173,provided_inverse,eucm,ego带tof,20,left_hand,0.0,361
0.9468889236450195,6.013559000002715,-10.893092234159212,-6.830064768919442,12.388006077061558,provided_inverse,eucm,ego带tof,20,right_hand,0.0,361
0.8220239877700806,6.263433000000077,-17.646586680359064,-39.84312406298443,44.72067693324142,provided_inverse,eucm,ego带tof,21,left_hand,0.0,376
0.9545929431915283,6.263433000000077,-10.718402785866715,-6.265412935386394,12.43167817506478,provided_inverse,eucm,ego带tof,21,right_hand,0.0,376
0.7567025423049927,6.5133050000004005,-14.892743937477348,-36.90227692597114,39.77688689572464,provided_inverse,eucm,ego带tof,22,left_hand,0.0,391
0.9437798261642456,6.5133050000004005,-9.447558201286938,-5.441769500261216,10.330587175356538,provided_inverse,eucm,ego带tof,22,right_hand,0.0,391
0.7451897263526917,6.763216999999713,-12.559685000089871,-12.858870198635032,21.971655945369307,provided_inverse,eucm,ego带tof,23,left_hand,0.0,406
0.9628702998161316,6.763216999999713,-11.238780290471254,-6.914156454934869,13.061009932645945,provided_inverse,eucm,ego带tof,23,right_hand,0.0,406
0.9276918768882751,7.01307799999995,-7.818327143496504,-4.9088802705651915,13.073703433226527,provided_inverse,eucm,ego带tof,24,left_hand,0.0,421
0.940629243850708,7.01307799999995,-9.004479901014975,-6.015751899424913,11.165569949205445,provided_inverse,eucm,ego带tof,24,right_hand,0.0,421
0.6281761527061462,7.262950000000274,-8.797706944335687,-1.4734132950884486,14.043619767786925,provided_inverse,eucm,ego带tof,25,left_hand,0.0,436
0.9083656072616577,7.262950000000274,-10.607970728065993,-5.503418939384119,12.221898415770442,provided_inverse,eucm,ego带tof,25,right_hand,0.0,436
0.6545135378837585,7.512811000000511,-7.693564498611636,-2.727645764472868,14.163454205411758,provided_inverse,eucm,ego带tof,26,left_hand,0.0,451
0.9299256801605225,7.512811000000511,-9.770443593481787,-5.585828118230893,11.358554805836828,provided_inverse,eucm,ego带tof,26,right_hand,0.0,451
0.9678739905357361,7.762681000000157,-18.1204786356177,2.5735658356376234,24.145808542409302,provided_inverse,eucm,ego带tof,27,left_hand,0.0,466
0.9297561049461365,7.762681000000157,-8.429872604061302,-4.9633706346272675,9.344351860493918,provided_inverse,eucm,ego带tof,27,right_hand,0.0,466
0.9642632603645325,8.012565000000905,-19.679709505872324,-0.5761248743120859,26.359926355654093,provided_inverse,eucm,ego带tof,28,left_hand,0.0,481
0.9439938068389893,8.012565000000905,-10.34534172670601,-4.761378130749904,11.581638239632097,provided_inverse,eucm,ego带tof,28,right_hand,0.0,481
0.9820082783699036,8.262432999999874,-18.19072372640869,-5.882061247413844,22.025165243269704,provided_inverse,eucm,ego带tof,29,left_hand,0.0,496
0.9498097896575928,8.262432999999874,-10.516124318553011,-6.649367260136955,11.97201294298244,provided_inverse,eucm,ego带tof,29,right_hand,0.0,496
0.9757798910140991,8.512359000000288,-19.310642583559,-8.394364803952385,28.111436905659513,provided_inverse,eucm,ego带tof,30,left_hand,0.0,511
0.9560633301734924,8.512359000000288,-10.636187599639243,-7.217951711466981,13.162605451469704,provided_inverse,eucm,ego带tof,30,right_hand,0.0,511
0.9214133024215698,8.762210000000778,-26.33822381750423,19.45048885938843,39.89308939937153,provided_inverse,eucm,ego带tof,31,left_hand,0.0,526
0.954925537109375,8.762210000000778,-11.483935646577493,-7.094555669138231,13.175143382960547,provided_inverse,eucm,ego带tof,31,right_hand,0.0,526
0.9596275091171265,9.012090000000171,-29.838451545345833,63.53961171236938,76.53221227008837,provided_inverse,eucm,ego带tof,32,left_hand,0.0,541
0.956672191619873,9.012090000000171,-10.487826862555039,-6.883636123094448,11.754020732877336,provided_inverse,eucm,ego带tof,32,right_hand,0.0,541
0.90680330991745,9.261975000001257,-28.58953175896488,91.16605541876766,97.70859530004977,provided_inverse,eucm,ego带tof,33,left_hand,0.0,556
0.9657820463180542,9.261975000001257,-11.728100741167054,-6.71117238576619,13.219758390087637,provided_inverse,eucm,ego带tof,33,right_hand,0.0,556
0.934205174446106,9.511816000002,-26.911000388654543,92.66304414130445,100.0330068197425,provided_inverse,eucm,ego带tof,34,left_hand,0.0,571
0.9367544651031494,9.511816000002,-9.268209658228898,-8.34349527485631,11.95558914636936,provided_inverse,eucm,ego带tof,34,right_hand,0.0,571
0.89725661277771,9.761677000002237,-26.62193489631329,94.36051749509363,100.55547671537501,provided_inverse,eucm,ego带tof,35,left_hand,0.0,586
0.9467913508415222,9.761677000002237,-11.40742092756227,-7.898017536092084,13.370673007661523,provided_inverse,eucm,ego带tof,35,right_hand,0.0,586
0.7976264953613281,10.01154999999926,-25.848767004417482,93.45153439401076,99.3220640273171,provided_inverse,eucm,ego带tof,36,left_hand,0.0,601
0.9175580739974976,10.01154999999926,-15.532461323962252,-1.8710770115878859,15.638062498618133,provided_inverse,eucm,ego带tof,36,right_hand,0.0,601
0.764995276927948,10.261426000000938,-25.45458614161481,93.48197306702855,99.18084133577,provided_inverse,eucm,ego带tof,37,left_hand,0.0,616
0.8846996426582336,10.261426000000938,-19.273424519740274,6.739636442836968,20.76243180675361,provided_inverse,eucm,ego带tof,37,right_hand,0.0,616
0.5674142837524414,10.511277000001428,-25.45368973431971,93.14804008251201,98.78531802284101,provided_inverse,eucm,ego带tof,38,left_hand,0.0,631
0.8530995845794678,10.511277000001428,-19.35672040448719,9.724176088372246,21.79721776915794,provided_inverse,eucm,ego带tof,38,right_hand,0.0,631
0.6624232530593872,10.761146000000736,-25.37381376612427,93.5379184408198,99.08197872796184,provided_inverse,eucm,ego带tof,39,left_hand,0.0,646
0.5424896478652954,10.761146000000736,-24.508607084650293,13.46713121052585,26.90741287402352,provided_inverse,eucm,ego带tof,39,right_hand,0.0,646
0.5941784977912903,11.011010000001988,-26.791501250958163,94.4948774239856,100.06808726748385,provided_inverse,eucm,ego带tof,40,left_hand,0.0,661
0.9807374477386475,11.011010000001988,-20.857213803401464,7.677852485586527,23.907768685849586,provided_inverse,eucm,ego带tof,40,right_hand,0.0,661
0.8406916856765747,11.260874999999942,-25.34930628415674,91.2706698739089,98.28789471633833,provided_inverse,eucm,ego带tof,41,left_hand,0.0,676
0.9709338545799255,11.260874999999942,-32.15557444113267,-6.311344354946073,37.44483444546025,provided_inverse,eucm,ego带tof,41,right_hand,0.0,676
0.6274437308311462,11.510731000002124,-26.601340193271767,94.74116798661521,100.40520984629859,provided_inverse,eucm,ego带tof,42,left_hand,0.0,691
0.974320650100708,11.510731000002124,-39.88877318782818,-0.4708699943882948,44.34814893315265,provided_inverse,eucm,ego带tof,42,right_hand,0.0,691
0.7808719873428345,11.760587000000669,-27.975095438579842,95.59247180175146,100.89679752041395,provided_inverse,eucm,ego带tof,43,left_hand,0.0,706
0.7527731657028198,12.010470000001078,-27.264137363409077,97.30490611893333,102.24585212272798,provided_inverse,eucm,ego带tof,44,left_hand,0.0,721
0.9482568502426147,12.010470000001078,-13.789227497510183,63.67841970467475,65.05703045573729,provided_inverse,eucm,ego带tof,44,right_hand,0.0,721
0.809097409248352,12.260385000001406,-26.592128367719397,96.87210542766638,102.47158902189248,provided_inverse,eucm,ego带tof,45,left_hand,0.0,736
0.965202808380127,12.260385000001406,-18.122207576868504,86.89592809770465,87.16386248766725,provided_inverse,eucm,ego带tof,45,right_hand,0.0,736
0.716115415096283,12.510259999999107,-27.699660701807318,95.64731434718203,101.60178169459142,provided_inverse,eucm,ego带tof,46,left_hand,0.0,751
0.9766116142272949,12.510259999999107,-12.917545475232828,91.48444301977372,91.79717195905647,provided_inverse,eucm,ego带tof,46,right_hand,0.0,751
0.8167204856872559,12.760132999999769,-26.453008610966435,91.68445760710904,98.10116410698114,provided_inverse,eucm,ego带tof,47,left_hand,0.0,766
0.9754782319068909,12.760132999999769,-13.329249330949096,90.91945217524471,91.29205850495966,provided_inverse,eucm,ego带tof,47,right_hand,0.0,766
0.9674617052078247,13.009999000001699,-30.416935678511322,65.5808343641346,79.66583151192022,provided_inverse,eucm,ego带tof,48,left_hand,0.0,781
0.9708678126335144,13.009999000001699,-15.319028061173412,90.58511669292295,91.88169393322863,provided_inverse,eucm,ego带tof,48,right_hand,0.0,781
0.9691278338432312,13.259862999999314,-28.31936823575529,28.061092940732692,49.1655253239858,provided_inverse,eucm,ego带tof,49,left_hand,0.0,796
0.9759398102760315,13.259862999999314,-15.010742012977175,89.56188157382064,89.88003724047334,provided_inverse,eucm,ego带tof,49,right_hand,0.0,796
0.9826738834381104,13.509735999999975,-20.619242866535046,4.125242999741886,29.276012496033587,provided_inverse,eucm,ego带tof,50,left_hand,0.0,811
0.9757022261619568,13.509735999999975,-15.119716500910954,87.79795038880366,89.37108030317903,provided_inverse,eucm,ego带tof,50,right_hand,0.0,811
0.7457168102264404,13.759592000002158,-16.537489073942538,8.812168205440003,24.782885173785903,provided_inverse,eucm,ego带tof,51,left_hand,0.0,826
0.9654384851455688,13.759592000002158,-14.713281900778611,84.8864222800305,86.57207774268299,provided_inverse,eucm,ego带tof,51,right_hand,0.0,826
0.9252957701683044,14.009479000000283,-18.32113995437146,13.716919236651734,26.48579286019975,provided_inverse,eucm,ego带tof,52,left_hand,0.0,841
0.9747506380081177,14.009479000000283,-12.311518902878333,84.56226464435758,85.20909025579621,provided_inverse,eucm,ego带tof,52,right_hand,0.0,841
0.9898374080657959,14.25935500000196,-12.497696572043083,12.613085472967214,24.921443854799755,provided_inverse,eucm,ego带tof,53,left_hand,0.0,856
0.9629153609275818,14.25935500000196,-14.075948275954488,84.16446117111252,85.74837129673878,provided_inverse,eucm,ego带tof,53,right_hand,0.0,856
0.9822144508361816,14.509228999999323,-12.013331221530734,10.140038719063455,23.25857875741116,provided_inverse,eucm,ego带tof,54,left_hand,0.0,871
0.9705159664154053,14.509228999999323,-12.137688677196707,84.09838561337597,84.3711408386034,provided_inverse,eucm,ego带tof,54,right_hand,0.0,871
0.973755955696106,14.759101999999984,-14.782893023487873,4.60221616763647,21.877710786408148,provided_inverse,eucm,ego带tof,55,left_hand,0.0,886
0.9688332080841064,14.759101999999984,-13.360569447406988,83.22817452555375,84.71820371945516,provided_inverse,eucm,ego带tof,55,right_hand,0.0,886
0.9912985563278198,15.008985000000393,-14.163711314361422,-3.1056921469111103,19.553414259042903,provided_inverse,eucm,ego带tof,56,left_hand,0.0,901
0.9814382791519165,15.008985000000393,-13.787446449330218,82.85250675591692,83.77930829750888,provided_inverse,eucm,ego带tof,56,right_hand,0.0,901
0.9959381222724915,15.25886299999911,-19.007107943415235,3.4262110598750724,24.682764324766552,provided_inverse,eucm,ego带tof,57,left_hand,0.0,916
0.9786078333854675,15.25886299999911,-14.660414667297687,83.31273788629096,84.0513397399695,provided_inverse,eucm,ego带tof,57,right_hand,0.0,916
0.9911249279975891,15.508739000000787,-18.422396564459632,11.202346375922616,24.484207771491207,provided_inverse,eucm,ego带tof,58,left_hand,0.0,931
0.9690172076225281,15.508739000000787,-12.060179756527418,82.77172354755874,84.13980089435677,provided_inverse,eucm,ego带tof,58,right_hand,0.0,931
0.99155193567276,15.758625000002212,-19.511984739276613,19.37522452833707,29.860207531098396,provided_inverse,eucm,ego带tof,59,left_hand,0.0,946
0.9707463383674622,15.758625000002212,-13.704141283853573,80.60393071712122,82.09183714558834,provided_inverse,eucm,ego带tof,59,right_hand,0.0,946
0.996241569519043,16.008484000001772,-15.257781852790572,22.348306397764418,27.823530751216122,provided_inverse,eucm,ego带tof,60,left_hand,0.0,961
0.9622177481651306,16.008484000001772,-12.223102764559826,79.47197394095713,80.8292707158633,provided_inverse,eucm,ego带tof,60,right_hand,0.0,961
0.9929208159446716,16.258320000000822,-19.484299751129015,17.278563948255396,30.042628920343212,provided_inverse,eucm,ego带tof,61,left_hand,0.0,976
0.9608943462371826,16.258320000000822,-13.527737372564616,79.12915912930521,80.68903804744564,provided_inverse,eucm,ego带tof,61,right_hand,0.0,976
0.9779877662658691,16.508179000000382,-22.824369133210325,13.050733864170752,29.384812618574717,provided_inverse,eucm,ego带tof,62,left_hand,0.0,991
0.9719832539558411,16.508179000000382,-12.520278982078594,79.07133570803126,80.66180452177258,provided_inverse,eucm,ego带tof,62,right_hand,0.0,991
0.9931846261024475,16.75803900000028,-19.137575862611584,10.952243232558999,31.547322829084603,provided_inverse,eucm,ego带tof,63,left_hand,0.0,1006
0.9629107117652893,16.75803900000028,-12.649710541585137,81.95020914698705,82.00321113909604,provided_inverse,eucm,ego带tof,63,right_hand,0.0,1006
0.9871450066566467,17.007903000001534,-22.92111653114921,12.251834868910805,39.76201751903012,provided_inverse,eucm,ego带tof,64,left_hand,0.0,1021
0.971278727054596,17.007903000001534,-12.20315652277884,83.41351079990955,83.47060031523665,provided_inverse,eucm,ego带tof,64,right_hand,0.0,1021
0.969463050365448,17.257778999999573,-33.64933405032468,37.86832431265066,61.61888014642089,provided_inverse,eucm,ego带tof,65,left_hand,0.0,1036
0.9736483097076416,17.257778999999573,-13.858276098864053,88.7488139088041,88.7702072877553,provided_inverse,eucm,ego带tof,65,right_hand,0.0,1036
0.8175167441368103,17.507688000001508,-38.26914005499725,82.2194161279258,96.41295502181413,provided_inverse,eucm,ego带tof,66,left_hand,0.0,1051
0.9678357243537903,17.507688000001508,-14.790125276411914,90.6067586263589,90.60678818552077,provided_inverse,eucm,ego带tof,66,right_hand,0.0,1051
0.780258059501648,17.75755500000014,-31.049537940026596,104.53457622526037,112.07259013001706,provided_inverse,eucm,ego带tof,67,left_hand,0.0,1066
0.9724577069282532,17.75755500000014,-13.563673635089572,91.62206234455687,91.72128583708475,provided_inverse,eucm,ego带tof,67,right_hand,0.0,1066
0.8453022241592407,18.00745100000131,-29.102690297325125,107.45401132759923,113.87168371271483,provided_inverse,eucm,ego带tof,68,left_hand,0.0,1081
0.9759924411773682,18.00745100000131,-13.421359603587803,91.42334959980496,91.49585061545862,provided_inverse,eucm,ego带tof,68,right_hand,0.0,1081
0.5139521360397339,18.507158000000345,-28.623628871085316,111.21424972397688,117.56026550105483,provided_inverse,eucm,ego带tof,70,left_hand,0.0,1111
0.9841640591621399,18.507158000000345,-6.219790846096885,25.086054902306614,28.82313430049822,provided_inverse,eucm,ego带tof,70,right_hand,0.0,1111
0.804888129234314,18.757025000002614,-27.942362036992336,108.53592550119856,114.81513122787044,provided_inverse,eucm,ego带tof,71,left_hand,0.0,1126
0.9723613262176514,18.757025000002614,-16.282614076756545,-16.391536833670443,29.93638409292191,provided_inverse,eucm,ego带tof,71,right_hand,0.0,1126
0.737935483455658,19.006869000000734,-28.198892286367936,105.69200629905674,112.07071012676724,provided_inverse,eucm,ego带tof,72,left_hand,0.0,1141
0.9805241823196411,19.006869000000734,-17.88503104596782,-32.25641157947132,37.12111945961559,provided_inverse,eucm,ego带tof,72,right_hand,0.0,1141
0.5486709475517273,19.256744000002072,-27.85129948202541,104.61088537188255,110.73682404641714,provided_inverse,eucm,ego带tof,73,left_hand,0.0,1156
0.885277509689331,19.256744000002072,-12.383650043689272,-27.511259792056194,36.23750660270736,provided_inverse,eucm,ego带tof,73,right_hand,0.0,1156
0.5261875987052917,19.50662200000079,-27.785855135632573,103.27119203786651,109.14568586382873,provided_inverse,eucm,ego带tof,74,left_hand,0.0,1171
0.9873683452606201,19.50662200000079,-12.22693670912804,-22.82546921418168,26.619365154040988,provided_inverse,eucm,ego带tof,74,right_hand,0.0,1171
0.6280564069747925,19.756483000001026,-27.09663355153441,102.91933378356384,108.21825318530409,provided_inverse,eucm,ego带tof,75,left_hand,0.0,1186
0.9874472618103027,19.756483000001026,-14.223544896944759,-22.472744307355583,27.224498474806683,provided_inverse,eucm,ego带tof,75,right_hand,0.0,1186
0.7495651245117188,20.006353000000672,-27.410950319191784,101.52554756186078,107.33263222029896,provided_inverse,eucm,ego带tof,76,left_hand,0.0,1201
0.9925699830055237,20.006353000000672,-12.673313210073388,-28.405378411729316,31.20866492685314,provided_inverse,eucm,ego带tof,76,right_hand,0.0,1201
0.6554721593856812,20.25627600000007,-27.64319142794136,103.55080039644145,109.68542656367771,provided_inverse,eucm,ego带tof,77,left_hand,0.0,1216
0.9925079941749573,20.25627600000007,-8.708839202698869,-44.87027186694354,44.87114893771292,provided_inverse,eucm,ego带tof,77,right_hand,0.0,1216
0.8600575923919678,20.506169000000227,-27.579322294706685,100.98699492949254,107.26601017539643,provided_inverse,eucm,ego带tof,78,left_hand,0.0,1231
0.9891429543495178,20.506169000000227,-13.958582015001639,-55.90068480332775,55.95157545565753,provided_inverse,eucm,ego带tof,78,right_hand,0.0,1231
0.7607075572013855,20.755998000000545,-27.485232528727806,100.4858142581196,107.19359347890723,provided_inverse,eucm,ego带tof,79,left_hand,0.0,1246
0.986925482749939,20.755998000000545,-10.847404340645653,-46.63208976169642,47.45699488079869,provided_inverse,eucm,ego带tof,79,right_hand,0.0,1246
0.6423020362854004,21.005808000001707,-26.574886173899472,99.24666676658558,105.43461795927398,provided_inverse,eucm,ego带tof,80,left_hand,0.0,1261
0.9816989898681641,21.005808000001707,-17.52089018615368,-29.61448540983679,33.701845072987815,provided_inverse,eucm,ego带tof,80,right_hand,0.0,1261
0.582703173160553,21.25564900000245,-26.455364316359237,98.5455223181234,104.4874151073078,provided_inverse,eucm,ego带tof,81,left_hand,0.0,1276
0.9760788679122925,21.25564900000245,-18.48654030422017,-16.13801315572948,26.112162286579387,provided_inverse,eucm,ego带tof,81,right_hand,0.0,1276
0.8041749000549316,21.5054850000015,-26.961405665492975,99.40714374837103,105.36580791901525,provided_inverse,eucm,ego带tof,82,left_hand,0.0,1291
0.9640715718269348,21.5054850000015,-24.199994820989332,-10.736184079726854,30.352384366170405,provided_inverse,eucm,ego带tof,82,right_hand,0.0,1291
0.7534166574478149,21.755339999999705,-27.400852495946765,98.44548862594536,104.81845391956418,provided_inverse,eucm,ego带tof,83,left_hand,0.0,1306
0.5722086429595947,22.005177999999432,-27.662829305101923,99.18689292010413,105.24374829974792,provided_inverse,eucm,ego带tof,84,left_hand,0.0,1321
0.9558802843093872,22.005177999999432,-30.972538238247694,-20.542837999523613,40.088687895855394,provided_inverse,eucm,ego带tof,84,right_hand,0.0,1321
0.8035581111907959,22.255056000001787,-27.376277311296633,98.93292537337743,105.78502906521761,provided_inverse,eucm,ego带tof,85,left_hand,0.0,1336
0.954319417476654,22.255056000001787,-35.89202722908419,-17.0578470203493,44.48204776136055,provided_inverse,eucm,ego带tof,85,right_hand,0.0,1336
0.7800463438034058,22.504923000000417,-27.36573258353212,98.63168628464496,104.66733005479786,provided_inverse,eucm,ego带tof,86,left_hand,0.0,1351
0.972173810005188,22.504923000000417,-38.27064077768398,-11.601156900044089,42.91322565755642,provided_inverse,eucm,ego带tof,86,right_hand,0.0,1351
0.8578619956970215,22.754801999999472,-27.338105194004186,100.60644318618472,106.55683329615556,provided_inverse,eucm,ego带tof,87,left_hand,0.0,1366
0.9817680716514587,22.754801999999472,-17.70505981747317,4.724189062576556,33.26586909422422,provided_inverse,eucm,ego带tof,87,right_hand,0.0,1366
0.6514718532562256,1.0162080000009155,-0.18203078666692818,85.57598234217448,85.60923493265831,direct,pinhole,ego带tof,0,left_hand,0.0,61
0.9877557754516602,1.0162080000009155,4.473905499588454,3.2960125379401006,17.80031147344202,direct,pinhole,ego带tof,0,right_hand,0.0,61
0.8357504606246948,1.2660550000000512,-0.001282103253686273,87.01703212753523,87.26141165913918,direct,pinhole,ego带tof,1,left_hand,0.0,76
0.9746226668357849,1.2660550000000512,3.1576797474569958,-21.131577723279747,28.171497125322112,direct,pinhole,ego带tof,1,right_hand,0.0,76
0.9226356744766235,1.5159239999993588,-1.273885488049359,81.33344231462115,81.63110380468079,direct,pinhole,ego带tof,2,left_hand,0.0,91
0.9762072563171387,1.5159239999993588,-3.461148477899087,-40.222828466151554,43.524709909327655,direct,pinhole,ego带tof,2,right_hand,0.0,91
0.6076048612594604,1.7657900000012887,0.38654730566281614,83.13883338261803,83.18916377528777,direct,pinhole,ego带tof,3,left_hand,0.0,106
0.9601686000823975,1.7657900000012887,-1.969709415797297,-23.525931195625276,27.331228340867245,direct,pinhole,ego带tof,3,right_hand,0.0,106
0.8218392133712769,2.0157230000004347,0.1479629418815307,81.5195725039481,81.97520122161248,direct,pinhole,ego带tof,4,left_hand,0.0,121
0.9621993899345398,2.0157230000004347,0.30520623392953894,-13.431395080743187,18.755110870185998,direct,pinhole,ego带tof,4,right_hand,0.0,121
0.846406877040863,2.265547000002698,0.23907560690861374,82.09962800761173,82.53375140379751,direct,pinhole,ego带tof,5,left_hand,0.0,136
0.9906699061393738,2.265547000002698,0.23984842081222268,-7.8191949045578895,9.336474298020278,direct,pinhole,ego带tof,5,right_hand,0.0,136
0.7290077805519104,2.5154309999998077,-0.2769299947867694,81.92841783189431,81.9450022171123,direct,pinhole,ego带tof,6,left_hand,0.0,151
0.8862011432647705,2.5154309999998077,-3.5638692374858465,-4.636349095399964,7.479434394409594,direct,pinhole,ego带tof,6,right_hand,0.0,151
0.8305389285087585,2.7653150000005553,-0.0015454806531352006,82.47573901579665,82.8246312583434,direct,pinhole,ego带tof,7,left_hand,0.0,166
0.8746105432510376,2.7653150000005553,-0.6303486950922661,-6.577187148998746,7.168499211341249,direct,pinhole,ego带tof,7,right_hand,0.0,166
0.8676229119300842,3.0151810000024852,0.1600654913662538,82.62806085786633,82.66314847454746,direct,pinhole,ego带tof,8,left_hand,0.0,181
0.9360130429267883,3.0151810000024852,-0.84666979819076,-16.148400963378776,16.679823337512115,direct,pinhole,ego带tof,8,right_hand,0.0,181
0.925102710723877,3.265078000000358,-0.17078243527373616,79.43579839653762,79.66316911837114,direct,pinhole,ego带tof,9,left_hand,0.0,196
0.9538155794143677,3.265078000000358,-1.968618909805059,-19.445419688147354,19.553299446510533,direct,pinhole,ego带tof,9,right_hand,0.0,196
0.7406121492385864,3.514936999999918,1.2647716182591466,83.5847406095661,83.77395927437199,direct,pinhole,ego带tof,10,left_hand,0.0,211
0.9548575282096863,3.514936999999918,-1.0233068179531983,-17.436189119343908,18.53972425344587,direct,pinhole,ego带tof,10,right_hand,0.0,211
0.9535417556762695,3.7647969999998168,1.407450811105491,71.04191145850677,71.46554929520772,direct,pinhole,ego带tof,11,left_hand,0.0,226
0.937639594078064,3.7647969999998168,-2.8916757263486943,-20.781873362354986,21.67336231371224,direct,pinhole,ego带tof,11,right_hand,0.0,226
0.9108502268791199,4.014654000002338,-2.1624143362007544,42.07757432091705,42.78072204823843,direct,pinhole,ego带tof,12,left_hand,0.0,241
0.9586971998214722,4.014654000002338,-1.4968309593489266,-20.41605295407362,20.436509902964218,direct,pinhole,ego带tof,12,right_hand,0.0,241
0.8324170112609863,4.264524000001984,-3.039306739613721,5.648665456350727,13.898782986085237,direct,pinhole,ego带tof,13,left_hand,0.0,256
0.9639177918434143,4.264524000001984,-0.6501629067170143,-19.88753771119218,20.19397059615472,direct,pinhole,ego带tof,13,right_hand,0.0,256
0.6919918060302734,4.514390000000276,-2.0392989978344076,-10.342963410195125,17.050597753507585,direct,pinhole,ego带tof,14,left_hand,0.0,271
0.9565480947494507,4.514390000000276,-1.713821603771521,-19.396747055424953,19.6491595749112,direct,pinhole,ego带tof,14,right_hand,0.0,271
0.5923431515693665,4.764251000000513,-0.5885073102587626,-5.454921026089664,12.941730541433726,direct,pinhole,ego带tof,15,left_hand,0.0,286
0.9284804463386536,4.764251000000513,-3.77051591073905,-19.82713873097748,20.27587015688074,direct,pinhole,ego带tof,15,right_hand,0.0,286
0.6153179407119751,5.01409699999931,0.7978723612936847,4.874631705354773,9.019850812960467,direct,pinhole,ego带tof,16,left_hand,0.0,301
0.9581605195999146,5.01409699999931,-0.6754220478958359,-18.39706262191953,18.81281967900327,direct,pinhole,ego带tof,16,right_hand,0.0,301
0.8287489414215088,5.263964000001579,4.569770669305626,6.588680780169739,12.894599770794107,direct,pinhole,ego带tof,17,left_hand,0.0,316
0.9555438756942749,5.263964000001579,-0.19183465971093483,-17.068603968175466,17.335301768902422,direct,pinhole,ego带tof,17,right_hand,0.0,316
0.9465999603271484,5.5138350000015635,-1.2406292357185293,-17.65864708260756,17.774830350939162,direct,pinhole,ego带tof,18,right_hand,0.0,331
0.9615907073020935,5.763681000000361,-5.017696653916801,-23.021546261811068,23.292656243061373,direct,pinhole,ego带tof,19,right_hand,0.0,346
0.5192209482192993,6.013559000002715,3.0677475551097473,-28.816169455849945,29.187924541269656,direct,pinhole,ego带tof,20,left_hand,0.0,361
0.9468889236450195,6.013559000002715,-1.9108458681954517,-19.269992820397988,19.894813820002327,direct,pinhole,ego带tof,20,right_hand,0.0,361
0.8220239877700806,6.263433000000077,0.3160233662056271,-45.17472527164364,45.52378843404465,direct,pinhole,ego带tof,21,left_hand,0.0,376
0.9545929431915283,6.263433000000077,-2.1480565093399946,-19.01415272234476,19.779372002280265,direct,pinhole,ego带tof,21,right_hand,0.0,376
0.7567025423049927,6.5133050000004005,-0.06750725760809928,-44.89233707763083,45.45261177476921,direct,pinhole,ego带tof,22,left_hand,0.0,391
0.9437798261642456,6.5133050000004005,0.2855305653910136,-17.93427565609784,18.161607485302003,direct,pinhole,ego带tof,22,right_hand,0.0,391
0.7451897263526917,6.763216999999713,-0.695442769432816,-23.157170942729635,23.375048187164964,direct,pinhole,ego带tof,23,left_hand,0.0,406
0.9628702998161316,6.763216999999713,-1.5380320193578427,-19.668731555945328,19.714585316692247,direct,pinhole,ego带tof,23,right_hand,0.0,406
0.9276918768882751,7.01307799999995,4.542728570398026,-15.424239817565308,15.803512045940565,direct,pinhole,ego带tof,24,left_hand,0.0,421
0.940629243850708,7.01307799999995,0.21774972394803171,-18.39626589457339,19.046316398242276,direct,pinhole,ego带tof,24,right_hand,0.0,421
0.6281761527061462,7.262950000000274,3.4143898980133827,-12.641852801804134,15.253432091454002,direct,pinhole,ego带tof,25,left_hand,0.0,436
0.9083656072616577,7.262950000000274,-0.4783585003999633,-18.014451909011996,18.87058557840814,direct,pinhole,ego带tof,25,right_hand,0.0,436
0.6545135378837585,7.512811000000511,4.631000592691862,-13.820594554093987,15.409062441152981,direct,pinhole,ego带tof,26,left_hand,0.0,451
0.9299256801605225,7.512811000000511,0.44407958991826035,-18.37943744701124,19.01455390901648,direct,pinhole,ego带tof,26,right_hand,0.0,451
0.9678739905357361,7.762681000000157,2.342463255588882,-13.121541932842092,16.8299929922284,direct,pinhole,ego带tof,27,left_hand,0.0,466
0.9297561049461365,7.762681000000157,1.1857313340440214,-17.444985537427783,17.985569908423294,direct,pinhole,ego带tof,27,right_hand,0.0,466
0.9642632603645325,8.012565000000905,0.7031342437534249,-16.427348919222027,17.986238402548576,direct,pinhole,ego带tof,28,left_hand,0.0,481
0.9439938068389893,8.012565000000905,0.1840280872175981,-17.479139186932116,18.98086014522392,direct,pinhole,ego带tof,28,right_hand,0.0,481
0.9820082783699036,8.262432999999874,0.5336723202356097,-20.939547912027365,23.89739898908128,direct,pinhole,ego带tof,29,left_hand,0.0,496
0.9498097896575928,8.262432999999874,-0.6054649196044011,-19.0936411596266,19.398776911589618,direct,pinhole,ego带tof,29,right_hand,0.0,496
0.9757798910140991,8.512359000000288,1.6354170383033306,-22.60761906442599,22.759046976129305,direct,pinhole,ego带tof,30,left_hand,0.0,511
0.9560633301734924,8.512359000000288,-1.0375714410046157,-19.808784108392615,20.427305740973722,direct,pinhole,ego带tof,30,right_hand,0.0,511
0.9214133024215698,8.762210000000778,-1.702092274726283,9.67341422963716,12.028252418341118,direct,pinhole,ego带tof,31,left_hand,0.0,526
0.954925537109375,8.762210000000778,-2.3429186542732623,-19.93621682661228,20.04118346338039,direct,pinhole,ego带tof,31,right_hand,0.0,526
0.9596275091171265,9.012090000000171,-1.262852356653866,49.24832291990924,50.269818461784254,direct,pinhole,ego带tof,32,left_hand,0.0,541
0.956672191619873,9.012090000000171,-1.3915989162741198,-19.55222697929696,19.734083054425557,direct,pinhole,ego带tof,32,right_hand,0.0,541
0.90680330991745,9.261975000001257,0.3675918212054512,76.56978045298979,76.61012931833459,direct,pinhole,ego带tof,33,left_hand,0.0,556
0.9657820463180542,9.261975000001257,-2.3770088265730465,-19.66723401873378,19.999094785591403,direct,pinhole,ego带tof,33,right_hand,0.0,556
0.934205174446106,9.511816000002,-0.6754894515490832,76.10907225259939,76.58539204892412,direct,pinhole,ego带tof,34,left_hand,0.0,571
0.9367544651031494,9.511816000002,-0.8539143782230667,-20.90159208802129,20.963472597858882,direct,pinhole,ego带tof,34,right_hand,0.0,571
0.89725661277771,9.761677000002237,1.0193058038267964,79.53742093225435,79.58764634307116,direct,pinhole,ego带tof,35,left_hand,0.0,586
0.9467913508415222,9.761677000002237,0.08999139109255339,-20.713549180727,21.211859003477596,direct,pinhole,ego带tof,35,right_hand,0.0,586
0.7976264953613281,10.01154999999926,1.466424031175734,77.91398625597037,78.18327980264037,direct,pinhole,ego带tof,36,left_hand,0.0,601
0.9175580739974976,10.01154999999926,-0.0940419464044453,-15.395634440299204,16.347835476939313,direct,pinhole,ego带tof,36,right_hand,0.0,601
0.764995276927948,10.261426000000938,0.6330588433083904,79.15927891522949,79.30695078607462,direct,pinhole,ego带tof,37,left_hand,0.0,616
0.8846996426582336,10.261426000000938,-4.485372118010446,-6.138481978174127,8.68626589799129,direct,pinhole,ego带tof,37,right_hand,0.0,616
0.5674142837524414,10.511277000001428,0.8316927572012673,78.27902531780364,78.37877162423652,direct,pinhole,ego带tof,38,left_hand,0.0,631
0.8530995845794678,10.511277000001428,-4.393180444849463,-3.294688328614143,7.009392866284693,direct,pinhole,ego带tof,38,right_hand,0.0,631
0.6624232530593872,10.761146000000736,1.1933308642153406,78.41972576882779,78.49442943234482,direct,pinhole,ego带tof,39,left_hand,0.0,646
0.5424896478652954,10.761146000000736,-7.597009295602106,-0.30091126600734697,16.810126824907933,direct,pinhole,ego带tof,39,right_hand,0.0,646
0.5941784977912903,11.011010000001988,-0.9006044373107898,77.94241990922251,77.99274320711733,direct,pinhole,ego带tof,40,left_hand,0.0,661
0.9807374477386475,11.011010000001988,-2.698166469371131,-6.951330095482717,8.78486440359502,direct,pinhole,ego带tof,40,right_hand,0.0,661
0.8406916856765747,11.260874999999942,-0.4081649562529037,75.28743068988388,75.76529789555117,direct,pinhole,ego带tof,41,left_hand,0.0,676
0.9709338545799255,11.260874999999942,0.8060589260991264,-27.8902157448465,30.636893936339487,direct,pinhole,ego带tof,41,right_hand,0.0,676
0.6274437308311462,11.510731000002124,1.0987311647829756,79.23925979361343,79.4150826038271,direct,pinhole,ego带tof,42,left_hand,0.0,691
0.974320650100708,11.510731000002124,-0.23195389537943356,-25.1146365213134,31.051546534400345,direct,pinhole,ego带tof,42,right_hand,0.0,691
0.7808719873428345,11.760587000000669,0.37067913186893975,79.73854328982736,79.87538843291581,direct,pinhole,ego带tof,43,left_hand,0.0,706
0.7527731657028198,12.010470000001078,0.4316769073290061,81.48509205789651,81.57689259065084,direct,pinhole,ego带tof,44,left_hand,0.0,721
0.9482568502426147,12.010470000001078,0.00034691138330344984,41.11870010081441,41.183738804840395,direct,pinhole,ego带tof,44,right_hand,0.0,721
0.809097409248352,12.260385000001406,0.9026540554370968,80.95558247179031,81.0794985975124,direct,pinhole,ego带tof,45,left_hand,0.0,736
0.965202808380127,12.260385000001406,-0.8093538273075183,60.68750066076848,60.92646956994097,direct,pinhole,ego带tof,45,right_hand,0.0,736
0.716115415096283,12.510259999999107,1.1695160582622748,80.0507021358278,80.0993508533753,direct,pinhole,ego带tof,46,left_hand,0.0,751
0.9766116142272949,12.510259999999107,0.5201087972346841,66.33553587108338,68.89380089747554,direct,pinhole,ego带tof,46,right_hand,0.0,751
0.8167204856872559,12.760132999999769,-0.04492414127207667,75.27046003677901,75.39768371330956,direct,pinhole,ego带tof,47,left_hand,0.0,766
0.9754782319068909,12.760132999999769,0.6679976754010113,66.87812942266282,67.64451308225716,direct,pinhole,ego带tof,47,right_hand,0.0,766
0.9674617052078247,13.009999000001699,0.6496332002958525,50.42444897558687,51.71506653908782,direct,pinhole,ego带tof,48,left_hand,0.0,781
0.9708678126335144,13.009999000001699,-0.5277575511081523,66.93013850255045,67.51817015020625,direct,pinhole,ego带tof,48,right_hand,0.0,781
0.9691278338432312,13.259862999999314,-0.6320701662018564,15.947704111568669,19.91617715686705,direct,pinhole,ego带tof,49,left_hand,0.0,796
0.9759398102760315,13.259862999999314,-0.373848694482831,64.80391552251115,67.43994874669634,direct,pinhole,ego带tof,49,right_hand,0.0,796
0.9826738834381104,13.509735999999975,-2.393211788899805,-5.368922230776093,16.255746962389395,direct,pinhole,ego带tof,50,left_hand,0.0,811
0.9757022261619568,13.509735999999975,0.5640433168008485,65.50086123858296,65.50112748946783,direct,pinhole,ego带tof,50,right_hand,0.0,811
0.7457168102264404,13.759592000002158,1.8766508092273284,-2.8305783084025506,12.970901362093059,direct,pinhole,ego带tof,51,left_hand,0.0,826
0.9654384851455688,13.759592000002158,0.905339342703769,63.21674968097659,63.22030743097528,direct,pinhole,ego带tof,51,right_hand,0.0,826
0.9252957701683044,14.009479000000283,1.011249796188622,1.248641402336375,14.990663303354511,direct,pinhole,ego带tof,52,left_hand,0.0,841
0.9747506380081177,14.009479000000283,2.3668421331008176,63.32919354290925,63.33320097734363,direct,pinhole,ego带tof,52,right_hand,0.0,841
0.9898374080657959,14.25935500000196,2.1095949960711096,1.8383144523933197,8.491944466439083,direct,pinhole,ego带tof,53,left_hand,0.0,856
0.9629153609275818,14.25935500000196,1.7487566701394144,62.73224889773269,62.73435455324364,direct,pinhole,ego带tof,53,right_hand,0.0,856
0.9822144508361816,14.509228999999323,1.9610285311243842,-0.6423305557540289,8.530183750194668,direct,pinhole,ego带tof,54,left_hand,0.0,871
0.9705159664154053,14.509228999999323,1.3225598252220152,62.12594905190076,62.459488825587506,direct,pinhole,ego带tof,54,right_hand,0.0,871
0.973755955696106,14.759101999999984,-0.016017448212210184,-6.111159222496667,10.313110423645913,direct,pinhole,ego带tof,55,left_hand,0.0,886
0.9688332080841064,14.759101999999984,0.8266456325820855,62.38510061099146,62.39266683938524,direct,pinhole,ego带tof,55,right_hand,0.0,886
0.9912985563278198,15.008985000000393,0.9954260228673775,-14.680002277718472,17.680430651606283,direct,pinhole,ego带tof,56,left_hand,0.0,901
0.9814382791519165,15.008985000000393,0.9151268038484659,60.935956898142194,61.209364789178146,direct,pinhole,ego带tof,56,right_hand,0.0,901
0.9959381222724915,15.25886299999911,-0.8772402839460938,-10.57255303807051,16.175512328666027,direct,pinhole,ego带tof,57,left_hand,0.0,916
0.9786078333854675,15.25886299999911,0.05398151798522122,61.5729348882179,61.57866740140284,direct,pinhole,ego带tof,57,right_hand,0.0,916
0.9911249279975891,15.508739000000787,-2.411126568622535,-1.2771022023198384,10.359642569946317,direct,pinhole,ego带tof,58,left_hand,0.0,931
0.9690172076225281,15.508739000000787,1.7356516269300073,62.18882219379941,62.19213855636201,direct,pinhole,ego带tof,58,right_hand,0.0,931
0.99155193567276,15.758625000002212,-3.1548899212233437,6.796546221957215,10.791446821903259,direct,pinhole,ego带tof,59,left_hand,0.0,946
0.9707463383674622,15.758625000002212,1.3397409419810629,60.116513160488694,60.11758457828024,direct,pinhole,ego带tof,59,right_hand,0.0,946
0.996241569519043,16.008484000001772,-0.3431105276921471,10.754763574844446,11.572577974398705,direct,pinhole,ego带tof,60,left_hand,0.0,961
0.9622177481651306,16.008484000001772,1.636775677866808,59.30191052730868,59.30641724362377,direct,pinhole,ego带tof,60,right_hand,0.0,961
0.9929208159446716,16.258320000000822,1.1171120678783382,2.5104250330236937,12.233239419695543,direct,pinhole,ego带tof,61,left_hand,0.0,976
0.9608943462371826,16.258320000000822,1.1543895997601794,58.36907920734302,58.613059409552214,direct,pinhole,ego带tof,61,right_hand,0.0,976
0.9779877662658691,16.508179000000382,-0.5405282758920293,-2.7970166060131305,15.01694106617209,direct,pinhole,ego带tof,62,left_hand,0.0,991
0.9719832539558411,16.508179000000382,1.594568639391582,58.4372253043623,58.44254045794407,direct,pinhole,ego带tof,62,right_hand,0.0,991
0.9931846261024475,16.75803900000028,2.5256990111962523,-4.253111523923053,18.054504518799835,direct,pinhole,ego带tof,63,left_hand,0.0,1006
0.9629107117652893,16.75803900000028,1.3999000562307629,59.96497896873609,60.45843824958088,direct,pinhole,ego带tof,63,right_hand,0.0,1006
0.9871450066566467,17.007903000001534,-0.4498523332407558,-0.6256104114100935,15.638557917362107,direct,pinhole,ego带tof,64,left_hand,0.0,1021
0.971278727054596,17.007903000001534,0.7602893320911335,60.128923980506784,61.42981406575778,direct,pinhole,ego带tof,64,right_hand,0.0,1021
0.969463050365448,17.257778999999573,-0.6316533638143369,25.02511979906842,27.368660051305532,direct,pinhole,ego带tof,65,left_hand,0.0,1036
0.9736483097076416,17.257778999999573,0.04546808534712454,64.22754921946444,65.76453842079583,direct,pinhole,ego带tof,65,right_hand,0.0,1036
0.8175167441368103,17.507688000001508,0.6314070781504597,64.45000123016143,64.73610364755508,direct,pinhole,ego带tof,66,left_hand,0.0,1051
0.9678357243537903,17.507688000001508,-0.30359796064715283,66.6108549247034,67.1630495932544,direct,pinhole,ego带tof,66,right_hand,0.0,1051
0.780258059501648,17.75755500000014,-0.5861616159890559,85.56695816732247,85.81070009131517,direct,pinhole,ego带tof,67,left_hand,0.0,1066
0.9724577069282532,17.75755500000014,0.8968537661310165,68.2234235313025,69.32804454489482,direct,pinhole,ego带tof,67,right_hand,0.0,1066
0.8453022241592407,18.00745100000131,0.11487817220950092,88.36453081765592,88.47338847269738,direct,pinhole,ego带tof,68,left_hand,0.0,1081
0.9759924411773682,18.00745100000131,0.5661387061027199,67.87091768440757,69.1055295354291,direct,pinhole,ego带tof,68,right_hand,0.0,1081
0.5139521360397339,18.507158000000345,-0.1660004086020308,92.10992312352516,92.29088927770462,direct,pinhole,ego带tof,70,left_hand,0.0,1111
0.9841640591621399,18.507158000000345,1.7812441160633625,3.1788385701624975,16.203447332608228,direct,pinhole,ego带tof,70,right_hand,0.0,1111
0.804888129234314,18.757025000002614,0.4196929226376369,89.71844950971285,89.89015794535439,direct,pinhole,ego带tof,71,left_hand,0.0,1126
0.9723613262176514,18.757025000002614,-0.5656704849839116,-33.10022377471273,33.30183786419777,direct,pinhole,ego带tof,71,right_hand,0.0,1126
0.737935483455658,19.006869000000734,-0.46851088613618685,87.31144846930931,87.48746766723215,direct,pinhole,ego带tof,72,left_hand,0.0,1141
0.9805241823196411,19.006869000000734,-0.7000781693768658,-48.00764095344118,49.52152120092156,direct,pinhole,ego带tof,72,right_hand,0.0,1141
0.5486709475517273,19.256744000002072,-0.7081231681295321,86.61005526595989,86.78520508598066,direct,pinhole,ego带tof,73,left_hand,0.0,1156
0.885277509689331,19.256744000002072,1.1277152445277352,-41.03106985579575,43.58287112782136,direct,pinhole,ego带tof,73,right_hand,0.0,1156
0.5261875987052917,19.50662200000079,-0.8860521864442035,85.39708324513708,85.51917980921314,direct,pinhole,ego带tof,74,left_hand,0.0,1171
0.9873683452606201,19.50662200000079,0.8653564081396325,-36.587643124997385,36.634328192873475,direct,pinhole,ego带tof,74,right_hand,0.0,1171
0.6280564069747925,19.756483000001026,-0.11639086353676475,84.88227626326307,84.9119907937887,direct,pinhole,ego带tof,75,left_hand,0.0,1186
0.9874472618103027,19.756483000001026,-1.3428819747070975,-36.637713882497565,36.806866448754334,direct,pinhole,ego带tof,75,right_hand,0.0,1186
0.7495651245117188,20.006353000000672,0.6888201559310119,83.65196199608795,83.7400845645843,direct,pinhole,ego带tof,76,left_hand,0.0,1201
0.9925699830055237,20.006353000000672,-1.3448870813166423,-41.40288737984167,41.581284838176984,direct,pinhole,ego带tof,76,right_hand,0.0,1201
0.6554721593856812,20.25627600000007,-0.6807236116427475,85.7474965001478,85.91791656650314,direct,pinhole,ego带tof,77,left_hand,0.0,1216
0.9925079941749573,20.25627600000007,-0.24944311224476223,-56.44597940030212,56.783554148568335,direct,pinhole,ego带tof,77,right_hand,0.0,1216
0.8600575923919678,20.506169000000227,-0.5945693220564863,83.27834757879407,83.43987867243976,direct,pinhole,ego带tof,78,left_hand,0.0,1231
0.9891429543495178,20.506169000000227,0.004338633941415537,-67.99262492234288,68.43462978432989,direct,pinhole,ego带tof,78,right_hand,0.0,1231
0.7607075572013855,20.755998000000545,-0.9048103204279414,83.19269216329167,83.50602226205773,direct,pinhole,ego带tof,79,left_hand,0.0,1246
0.986925482749939,20.755998000000545,2.410070088691782,-58.99649869356597,60.12029607394098,direct,pinhole,ego带tof,79,right_hand,0.0,1246
0.6423020362854004,21.005808000001707,0.28480737499120323,81.89033445270309,82.05474109798693,direct,pinhole,ego带tof,80,left_hand,0.0,1261
0.9816989898681641,21.005808000001707,2.6370593780751506,-45.12736047498015,45.44829248902222,direct,pinhole,ego带tof,80,right_hand,0.0,1261
0.582703173160553,21.25564900000245,-0.002529577696122942,81.26808891150995,81.39357351583403,direct,pinhole,ego带tof,81,left_hand,0.0,1276
0.9760788679122925,21.25564900000245,1.8691287865345885,-32.39684460849742,34.05664914557944,direct,pinhole,ego带tof,81,right_hand,0.0,1276
0.8041749000549316,21.5054850000015,0.4878424352647244,81.85791950077191,81.95535736679717,direct,pinhole,ego带tof,82,left_hand,0.0,1291
0.9640715718269348,21.5054850000015,-0.06978542369051866,-29.361820837557616,32.275256090962785,direct,pinhole,ego带tof,82,right_hand,0.0,1291
0.7534166574478149,21.755339999999705,-0.6880470177234201,81.05396702796668,81.2394332440785,direct,pinhole,ego带tof,83,left_hand,0.0,1306
0.5722086429595947,22.005177999999432,0.0888635395089068,81.59673161999444,81.6899461836252,direct,pinhole,ego带tof,84,left_hand,0.0,1321
0.9558802843093872,22.005177999999432,-0.6465484868197109,-41.58551377485503,42.64126004334947,direct,pinhole,ego带tof,84,right_hand,0.0,1321
0.8035581111907959,22.255056000001787,-0.8342455723642388,81.6990897938191,82.02613481532471,direct,pinhole,ego带tof,85,left_hand,0.0,1336
0.954319417476654,22.255056000001787,-0.8682081120093699,-39.0245788058254,42.89108288462651,direct,pinhole,ego带tof,85,right_hand,0.0,1336
0.7800463438034058,22.504923000000417,0.12201162289613876,81.19830471186754,81.29873277737111,direct,pinhole,ego带tof,86,left_hand,0.0,1351
0.972173810005188,22.504923000000417,-2.537644332460218,-34.675542862655334,39.66510307558263,direct,pinhole,ego带tof,86,right_hand,0.0,1351
0.8578619956970215,22.754801999999472,-0.579056600018248,82.88408926040415,82.96036434989558,direct,pinhole,ego带tof,87,left_hand,0.0,1366
0.9817680716514587,22.754801999999472,-2.906834217862297,-16.182010416685557,23.713344206113046,direct,pinhole,ego带tof,87,right_hand,0.0,1366
0.6514718532562256,1.0162080000009155,15.76140297520277,78.10621715253933,79.3358295268814,provided_forward,pinhole,ego带tof,0,left_hand,0.0,61
0.9877557754516602,1.0162080000009155,44.31103427127778,-14.77895681499308,48.40976102150353,provided_forward,pinhole,ego带tof,0,right_hand,0.0,61
0.8357504606246948,1.2660550000000512,16.126490022292273,79.28613997449065,80.51474471536396,provided_forward,pinhole,ego带tof,1,left_hand,0.0,76
0.9746226668357849,1.2660550000000512,43.44269429298333,-46.666835340175,70.74624786247618,provided_forward,pinhole,ego带tof,1,right_hand,0.0,76
0.9226356744766235,1.5159239999993588,16.59534608018828,73.71494745642997,74.30525768473606,provided_forward,pinhole,ego带tof,2,left_hand,0.0,91
0.9762072563171387,1.5159239999993588,36.106467253022174,-66.16700295773967,76.14251068413853,provided_forward,pinhole,ego带tof,2,right_hand,0.0,91
0.6076048612594604,1.7657900000012887,15.7585365088147,74.96623692257913,76.04714072021773,provided_forward,pinhole,ego带tof,3,left_hand,0.0,106
0.9601686000823975,1.7657900000012887,32.817554027239794,-44.05540922562443,58.38430145440901,provided_forward,pinhole,ego带tof,3,right_hand,0.0,106
0.8218392133712769,2.0157230000004347,14.985422681890554,73.97689278140649,74.35021363301702,provided_forward,pinhole,ego带tof,4,left_hand,0.0,121
0.9621993899345398,2.0157230000004347,29.9304425853137,-31.82322005955257,47.05828223141051,provided_forward,pinhole,ego带tof,4,right_hand,0.0,121
0.846406877040863,2.265547000002698,15.441802324344621,74.46246616545841,74.89164685946311,provided_forward,pinhole,ego带tof,5,left_hand,0.0,136
0.9906699061393738,2.265547000002698,22.67881463758829,-24.075218032615226,33.80699283462542,provided_forward,pinhole,ego带tof,5,right_hand,0.0,136
0.7290077805519104,2.5154309999998077,14.825972925303972,73.8349795436809,75.35087373517813,provided_forward,pinhole,ego带tof,6,left_hand,0.0,151
0.8862011432647705,2.5154309999998077,13.80880279883479,-17.760744167807275,23.873235954946136,provided_forward,pinhole,ego带tof,6,right_hand,0.0,151
0.8305389285087585,2.7653150000005553,15.134806649148118,74.86067836581333,75.38026711714159,provided_forward,pinhole,ego带tof,7,left_hand,0.0,166
0.8746105432510376,2.7653150000005553,15.20785859882551,-19.352240174335634,24.43122997189435,provided_forward,pinhole,ego带tof,7,right_hand,0.0,166
0.8676229119300842,3.0151810000024852,15.352688638511665,74.55288623680428,75.52262249926238,provided_forward,pinhole,ego带tof,8,left_hand,0.0,181
0.9360130429267883,3.0151810000024852,16.588178143880896,-29.924312887421024,34.975103347817836,provided_forward,pinhole,ego带tof,8,right_hand,0.0,181
0.925102710723877,3.265078000000358,15.568737901347845,71.73285094721257,72.45808876081283,provided_forward,pinhole,ego带tof,9,left_hand,0.0,196
0.9538155794143677,3.265078000000358,15.99846608945893,-33.804247883918265,37.931711493042954,provided_forward,pinhole,ego带tof,9,right_hand,0.0,196
0.7406121492385864,3.514936999999918,17.13565132288136,75.66992167783485,76.47131128790686,provided_forward,pinhole,ego带tof,10,left_hand,0.0,211
0.9548575282096863,3.514936999999918,17.004509279258514,-32.454623893531334,37.185841796002435,provided_forward,pinhole,ego带tof,10,right_hand,0.0,211
0.9535417556762695,3.7647969999998168,17.061008817978745,63.37154418269154,63.86623927655648,provided_forward,pinhole,ego带tof,11,left_hand,0.0,226
0.937639594078064,3.7647969999998168,14.464204385807648,-35.00466763074087,39.182743184556635,provided_forward,pinhole,ego带tof,11,right_hand,0.0,226
0.9108502268791199,4.014654000002338,13.718212613635671,33.887147234589634,34.594846114512464,provided_forward,pinhole,ego带tof,12,left_hand,0.0,241
0.9586971998214722,4.014654000002338,16.214495931138345,-35.25296319254028,40.02194076447276,provided_forward,pinhole,ego带tof,12,right_hand,0.0,241
0.8324170112609863,4.264524000001984,8.022715752908766,-1.6035927259064238,14.688505658732552,provided_forward,pinhole,ego带tof,13,left_hand,0.0,256
0.9639177918434143,4.264524000001984,16.805671563673855,-33.97435605657847,38.48916992971688,provided_forward,pinhole,ego带tof,13,right_hand,0.0,256
0.6919918060302734,4.514390000000276,8.188254290304712,-18.13218881309774,24.398307950458566,provided_forward,pinhole,ego带tof,14,left_hand,0.0,271
0.9565480947494507,4.514390000000276,15.382113111573858,-33.78692647614912,37.355000636677936,provided_forward,pinhole,ego带tof,14,right_hand,0.0,271
0.5923431515693665,4.764251000000513,9.459677172418992,-13.157201606594185,19.622246770844576,provided_forward,pinhole,ego带tof,15,left_hand,0.0,286
0.9284804463386536,4.764251000000513,12.927196592267137,-34.23058256466061,37.63428279312712,provided_forward,pinhole,ego带tof,15,right_hand,0.0,286
0.6153179407119751,5.01409699999931,11.211329953437883,-3.551113549558522,16.11417626219073,provided_forward,pinhole,ego带tof,16,left_hand,0.0,301
0.9581605195999146,5.01409699999931,16.63252281685095,-32.40483816540336,36.246964821617986,provided_forward,pinhole,ego带tof,16,right_hand,0.0,301
0.8287489414215088,5.263964000001579,15.558399299514235,-1.2627962926080727,17.70574566335949,provided_forward,pinhole,ego带tof,17,left_hand,0.0,316
0.9555438756942749,5.263964000001579,16.603529626511545,-31.367263756665466,34.700398773953175,provided_forward,pinhole,ego带tof,17,right_hand,0.0,316
0.9465999603271484,5.5138350000015635,15.302626635760703,-31.410159293177458,35.98552598849795,provided_forward,pinhole,ego带tof,18,right_hand,0.0,331
0.9615907073020935,5.763681000000361,12.604541434772273,-37.37648162233393,40.922465204058255,provided_forward,pinhole,ego带tof,19,right_hand,0.0,346
0.5192209482192993,6.013559000002715,11.626157652372683,-35.96074843591532,36.20453946998823,provided_forward,pinhole,ego带tof,20,left_hand,0.0,361
0.9468889236450195,6.013559000002715,15.055669046516869,-33.762898973779215,37.46567831033907,provided_forward,pinhole,ego带tof,20,right_hand,0.0,361
0.8220239877700806,6.263433000000077,9.899081768163228,-54.087308304633325,54.198927317442866,provided_forward,pinhole,ego带tof,21,left_hand,0.0,376
0.9545929431915283,6.263433000000077,14.923603292991515,-33.04073692085899,37.7948940335272,provided_forward,pinhole,ego带tof,21,right_hand,0.0,376
0.7567025423049927,6.5133050000004005,10.282482977558857,-54.89850651606753,54.966431286477466,provided_forward,pinhole,ego带tof,22,left_hand,0.0,391
0.9437798261642456,6.5133050000004005,17.20159822225537,-32.068315244867904,36.38709730394848,provided_forward,pinhole,ego带tof,22,right_hand,0.0,391
0.7451897263526917,6.763216999999713,10.751304501524373,-33.6067684060273,35.47459775250635,provided_forward,pinhole,ego带tof,23,left_hand,0.0,406
0.9628702998161316,6.763216999999713,15.36830057094187,-33.529020717932326,37.099381980707165,provided_forward,pinhole,ego带tof,23,right_hand,0.0,406
0.9276918768882751,7.01307799999995,16.70380631231842,-25.649159490416878,28.06120782092649,provided_forward,pinhole,ego带tof,24,left_hand,0.0,421
0.940629243850708,7.01307799999995,17.118552461618037,-32.78249503804636,37.31941270319323,provided_forward,pinhole,ego带tof,24,right_hand,0.0,421
0.6281761527061462,7.262950000000274,14.987166448591438,-23.36629890445215,28.306073250667016,provided_forward,pinhole,ego带tof,25,left_hand,0.0,436
0.9083656072616577,7.262950000000274,15.8863321133623,-32.11734224357224,36.26382969470616,provided_forward,pinhole,ego带tof,25,right_hand,0.0,436
0.6545135378837585,7.512811000000511,16.699635324725364,-24.49116309835904,26.719623762094024,provided_forward,pinhole,ego带tof,26,left_hand,0.0,451
0.9299256801605225,7.512811000000511,17.34074403523755,-32.318481148623505,37.7222217158595,provided_forward,pinhole,ego带tof,26,right_hand,0.0,451
0.9678739905357361,7.762681000000157,22.421008433832753,-27.497724564252962,32.208672181043156,provided_forward,pinhole,ego带tof,27,left_hand,0.0,466
0.9297561049461365,7.762681000000157,17.94560634831487,-31.580308167431554,35.280318153037065,provided_forward,pinhole,ego带tof,27,right_hand,0.0,466
0.9642632603645325,8.012565000000905,20.041171020848083,-31.25627955722075,34.6407901085266,provided_forward,pinhole,ego带tof,28,left_hand,0.0,481
0.9439938068389893,8.012565000000905,17.432397195377575,-32.28597772386752,37.46020201691914,provided_forward,pinhole,ego带tof,28,right_hand,0.0,481
0.9820082783699036,8.262432999999874,18.274563903185935,-35.19707209672606,37.39399456268573,provided_forward,pinhole,ego带tof,29,left_hand,0.0,496
0.9498097896575928,8.262432999999874,16.525904318785706,-33.61353881875732,37.98576063803473,provided_forward,pinhole,ego带tof,29,right_hand,0.0,496
0.9757798910140991,8.512359000000288,17.322451531414174,-36.92660146809135,38.78868926999821,provided_forward,pinhole,ego带tof,30,left_hand,0.0,511
0.9560633301734924,8.512359000000288,15.401527726738095,-33.608216203996335,37.767827525369626,provided_forward,pinhole,ego带tof,30,right_hand,0.0,511
0.9214133024215698,8.762210000000778,12.669181895096926,0.08710544449013469,19.057664860587046,provided_forward,pinhole,ego带tof,31,left_hand,0.0,526
0.954925537109375,8.762210000000778,14.975095354034579,-34.048547320171224,39.11072947861706,provided_forward,pinhole,ego带tof,31,right_hand,0.0,526
0.9596275091171265,9.012090000000171,14.65683662176184,40.77271880098033,41.106124507697366,provided_forward,pinhole,ego带tof,32,left_hand,0.0,541
0.956672191619873,9.012090000000171,15.925939078689908,-33.77668380153443,37.54838178295676,provided_forward,pinhole,ego带tof,32,right_hand,0.0,541
0.90680330991745,9.261975000001257,16.96410291150346,68.41687610583244,70.48502485766318,provided_forward,pinhole,ego带tof,33,left_hand,0.0,556
0.9657820463180542,9.261975000001257,15.771734459258141,-33.95684708033946,37.464950508394374,provided_forward,pinhole,ego带tof,33,right_hand,0.0,556
0.934205174446106,9.511816000002,15.996789777713843,68.45649967378301,68.82416145292923,provided_forward,pinhole,ego带tof,34,left_hand,0.0,571
0.9367544651031494,9.511816000002,15.857573867265955,-34.919678172850354,38.745046727708576,provided_forward,pinhole,ego带tof,34,right_hand,0.0,571
0.89725661277771,9.761677000002237,16.21644632611458,71.3747925088935,73.5839507896653,provided_forward,pinhole,ego带tof,35,left_hand,0.0,586
0.9467913508415222,9.761677000002237,17.55803523848749,-35.08907766569985,39.5480731008279,provided_forward,pinhole,ego带tof,35,right_hand,0.0,586
0.7976264953613281,10.01154999999926,16.869256428159133,69.93441291026636,72.28810042727318,provided_forward,pinhole,ego带tof,36,left_hand,0.0,601
0.9175580739974976,10.01154999999926,16.45620638550156,-29.127034354257034,33.49965480364159,provided_forward,pinhole,ego带tof,36,right_hand,0.0,601
0.764995276927948,10.261426000000938,15.693177562617052,71.05603016831651,71.99258604905272,provided_forward,pinhole,ego带tof,37,left_hand,0.0,616
0.8846996426582336,10.261426000000938,11.513295750147904,-18.669879667763325,22.41065587162374,provided_forward,pinhole,ego带tof,37,right_hand,0.0,616
0.5674142837524414,10.511277000001428,15.716256744801967,70.17885961013735,72.41411194988906,provided_forward,pinhole,ego带tof,38,left_hand,0.0,631
0.8530995845794678,10.511277000001428,11.464671202806244,-16.141517698504003,22.59975560320255,provided_forward,pinhole,ego带tof,38,right_hand,0.0,631
0.6624232530593872,10.761146000000736,16.424294507927186,70.19807259933361,72.83062939412389,provided_forward,pinhole,ego带tof,39,left_hand,0.0,646
0.5424896478652954,10.761146000000736,9.536525200711253,-13.668135310782418,22.642837803818576,provided_forward,pinhole,ego带tof,39,right_hand,0.0,646
0.5941784977912903,11.011010000001988,16.137745716469794,69.96839882829056,71.30846746795095,provided_forward,pinhole,ego带tof,40,left_hand,0.0,661
0.9807374477386475,11.011010000001988,16.938683362760912,-21.163246338510703,29.927698871864756,provided_forward,pinhole,ego带tof,40,right_hand,0.0,661
0.8406916856765747,11.260874999999942,14.750206576371397,67.64659859077074,69.54075182929307,provided_forward,pinhole,ego带tof,41,left_hand,0.0,676
0.9709338545799255,11.260874999999942,31.29441789142379,-49.1499334014668,56.747125530373204,provided_forward,pinhole,ego带tof,41,right_hand,0.0,676
0.6274437308311462,11.510731000002124,16.32989190534181,71.33732663476735,73.03283698203258,provided_forward,pinhole,ego带tof,42,left_hand,0.0,691
0.974320650100708,11.510731000002124,44.97050428162663,-51.42688613840278,64.13859708476983,provided_forward,pinhole,ego带tof,42,right_hand,0.0,691
0.7808719873428345,11.760587000000669,16.91081339161269,71.79735764618647,73.31713333397931,provided_forward,pinhole,ego带tof,43,left_hand,0.0,706
0.7527731657028198,12.010470000001078,16.752004258687577,73.66035774345687,74.63685227909356,provided_forward,pinhole,ego带tof,44,left_hand,0.0,721
0.9482568502426147,12.010470000001078,35.85069952835465,24.678110495118744,53.58208636443582,provided_forward,pinhole,ego带tof,44,right_hand,0.0,721
0.809097409248352,12.260385000001406,17.349517344548985,73.14594860867123,74.03329903926158,provided_forward,pinhole,ego带tof,45,left_hand,0.0,736
0.965202808380127,12.260385000001406,34.27281685681578,45.32845731365421,64.83014732302361,provided_forward,pinhole,ego带tof,45,right_hand,0.0,736
0.716115415096283,12.510259999999107,16.686838131556897,71.81021863368903,74.26499061660039,provided_forward,pinhole,ego带tof,46,left_hand,0.0,751
0.9766116142272949,12.510259999999107,29.956719856344762,52.976853796143246,65.881551579598,provided_forward,pinhole,ego带tof,46,right_hand,0.0,751
0.8167204856872559,12.760132999999769,16.363169975769893,67.40496686745496,68.42347386630533,provided_forward,pinhole,ego带tof,47,left_hand,0.0,766
0.9754782319068909,12.760132999999769,31.298956877562205,52.9369723159607,67.51704615926432,provided_forward,pinhole,ego带tof,47,right_hand,0.0,766
0.9674617052078247,13.009999000001699,17.651209874913775,41.67641745928643,42.34302987956079,provided_forward,pinhole,ego带tof,48,left_hand,0.0,781
0.9708678126335144,13.009999000001699,31.554677225447904,52.826907806956456,68.0051571011355,provided_forward,pinhole,ego带tof,48,right_hand,0.0,781
0.9691278338432312,13.259862999999314,14.834757642457475,6.095012204768523,18.714962242774423,provided_forward,pinhole,ego带tof,49,left_hand,0.0,796
0.9759398102760315,13.259862999999314,30.653881172730507,50.83925446593298,65.90250042707598,provided_forward,pinhole,ego带tof,49,right_hand,0.0,796
0.9826738834381104,13.509735999999975,10.081028039204057,-14.902593574270213,25.20051415325873,provided_forward,pinhole,ego带tof,50,left_hand,0.0,811
0.9757022261619568,13.509735999999975,30.767385973490946,51.56497595629139,64.32277238591152,provided_forward,pinhole,ego带tof,50,right_hand,0.0,811
0.7457168102264404,13.759592000002158,16.94420220597209,-14.326454541337739,23.009634043595558,provided_forward,pinhole,ego带tof,51,left_hand,0.0,826
0.9654384851455688,13.759592000002158,29.71591322700965,49.48755411250875,62.08474901850134,provided_forward,pinhole,ego带tof,51,right_hand,0.0,826
0.9252957701683044,14.009479000000283,17.75472799746865,-10.553922015409285,22.777259398880634,provided_forward,pinhole,ego带tof,52,left_hand,0.0,841
0.9747506380081177,14.009479000000283,28.60975638231571,49.97383231438005,60.986262177310266,provided_forward,pinhole,ego带tof,52,right_hand,0.0,841
0.9898374080657959,14.25935500000196,14.936053234196834,-8.122998621604438,18.38074692127149,provided_forward,pinhole,ego带tof,53,left_hand,0.0,856
0.9629153609275818,14.25935500000196,29.409976642247102,49.004407438526755,60.858587916785666,provided_forward,pinhole,ego带tof,53,right_hand,0.0,856
0.9822144508361816,14.509228999999323,15.137698309428174,-11.074851462489278,20.50903800992456,provided_forward,pinhole,ego带tof,54,left_hand,0.0,871
0.9705159664154053,14.509228999999323,28.21576606662677,48.68234230424582,60.19998732353428,provided_forward,pinhole,ego带tof,54,right_hand,0.0,871
0.973755955696106,14.759101999999984,13.050997610490413,-16.648590667969756,21.07164136849207,provided_forward,pinhole,ego带tof,55,left_hand,0.0,886
0.9688332080841064,14.759101999999984,27.535036132790992,48.829463845079204,59.68209171508365,provided_forward,pinhole,ego带tof,55,right_hand,0.0,886
0.9912985563278198,15.008985000000393,14.380129405473213,-25.79367719685729,28.6972609408088,provided_forward,pinhole,ego带tof,56,left_hand,0.0,901
0.9814382791519165,15.008985000000393,28.74751139983664,47.142731624753196,59.89241990248756,provided_forward,pinhole,ego带tof,56,right_hand,0.0,901
0.9959381222724915,15.25886299999911,16.227991536400395,-23.80067777791976,30.489226484353864,provided_forward,pinhole,ego带tof,57,left_hand,0.0,916
0.9786078333854675,15.25886299999911,27.662533053609877,47.839801118425044,59.055268379406485,provided_forward,pinhole,ego带tof,57,right_hand,0.0,916
0.9911249279975891,15.508739000000787,12.840181259007409,-13.008257821149073,20.78060293359724,provided_forward,pinhole,ego带tof,58,left_hand,0.0,931
0.9690172076225281,15.508739000000787,27.93086170458048,48.66342748164925,58.433697469475945,provided_forward,pinhole,ego带tof,58,right_hand,0.0,931
0.99155193567276,15.758625000002212,12.193440475755779,-4.8783394379986476,14.043727543221072,provided_forward,pinhole,ego带tof,59,left_hand,0.0,946
0.9707463383674622,15.758625000002212,27.981779692396003,46.48243551189216,57.91522140577527,provided_forward,pinhole,ego带tof,59,right_hand,0.0,946
0.996241569519043,16.008484000001772,13.554343956024013,-0.27305362317838444,14.805538751444384,provided_forward,pinhole,ego带tof,60,left_hand,0.0,961
0.9622177481651306,16.008484000001772,26.829352142851008,45.90063770072743,56.531281593874866,provided_forward,pinhole,ego带tof,60,right_hand,0.0,961
0.9929208159446716,16.258320000000822,20.4419686224943,-11.290124911637577,23.679948087051525,provided_forward,pinhole,ego带tof,61,left_hand,0.0,976
0.9608943462371826,16.258320000000822,27.978928303180396,44.70265308739215,56.884035017071724,provided_forward,pinhole,ego带tof,61,right_hand,0.0,976
0.9779877662658691,16.508179000000382,20.042540282198615,-17.456887670098354,28.05306909609902,provided_forward,pinhole,ego带tof,62,left_hand,0.0,991
0.9719832539558411,16.508179000000382,28.546777354763435,44.77204263841554,56.264450679340335,provided_forward,pinhole,ego带tof,62,right_hand,0.0,991
0.9931846261024475,16.75803900000028,20.56873153113895,-18.522005868663996,31.539980958882236,provided_forward,pinhole,ego带tof,63,left_hand,0.0,1006
0.9629107117652893,16.75803900000028,27.541859075425464,46.32301944823223,57.622822726538516,provided_forward,pinhole,ego带tof,63,right_hand,0.0,1006
0.9871450066566467,17.007903000001534,16.966326319097448,-12.953103703662237,24.34116275450051,provided_forward,pinhole,ego带tof,64,left_hand,0.0,1021
0.971278727054596,17.007903000001534,29.191801229138946,46.37735432689988,58.53851583493998,provided_forward,pinhole,ego带tof,64,right_hand,0.0,1021
0.969463050365448,17.257778999999573,15.002988323566626,15.674667455053282,21.639439991645325,provided_forward,pinhole,ego带tof,65,left_hand,0.0,1036
0.9736483097076416,17.257778999999573,30.078351205790796,50.58112886414767,62.800718742791524,provided_forward,pinhole,ego带tof,65,right_hand,0.0,1036
0.8175167441368103,17.507688000001508,17.246858090638966,56.341492508303645,57.18391967682455,provided_forward,pinhole,ego带tof,66,left_hand,0.0,1051
0.9678357243537903,17.507688000001508,30.65398907922122,52.79190898518641,64.84904183439738,provided_forward,pinhole,ego带tof,66,right_hand,0.0,1051
0.780258059501648,17.75755500000014,16.084457235572472,78.11573891008277,78.7357180288079,provided_forward,pinhole,ego带tof,67,left_hand,0.0,1066
0.9724577069282532,17.75755500000014,29.00638873761966,54.85262700905662,65.49806139837212,provided_forward,pinhole,ego带tof,67,right_hand,0.0,1066
0.8453022241592407,18.00745100000131,16.598835418209546,80.90832269698285,81.79923089245766,provided_forward,pinhole,ego带tof,68,left_hand,0.0,1081
0.9759924411773682,18.00745100000131,29.329934338010275,54.41930176296569,65.78068063161352,provided_forward,pinhole,ego带tof,68,right_hand,0.0,1081
0.5139521360397339,18.507158000000345,16.346451234096833,84.72230619085406,85.36427956128863,provided_forward,pinhole,ego带tof,70,left_hand,0.0,1111
0.9841640591621399,18.507158000000345,39.59090718255868,-16.15764909501172,45.66007891576995,provided_forward,pinhole,ego带tof,70,right_hand,0.0,1111
0.804888129234314,18.757025000002614,16.68470222838505,82.20036967696865,82.92945748606323,provided_forward,pinhole,ego带tof,71,left_hand,0.0,1126
0.9723613262176514,18.757025000002614,43.079771565599344,-59.51871267422371,78.25823861984708,provided_forward,pinhole,ego带tof,71,right_hand,0.0,1126
0.737935483455658,19.006869000000734,16.292145083697733,79.743278453681,80.48667163570282,provided_forward,pinhole,ego带tof,72,left_hand,0.0,1141
0.9805241823196411,19.006869000000734,35.16020188718994,-71.00187398723597,84.14761878277722,provided_forward,pinhole,ego带tof,72,right_hand,0.0,1141
0.5486709475517273,19.256744000002072,15.956808040552971,78.99018441715077,79.74396101786104,provided_forward,pinhole,ego带tof,73,left_hand,0.0,1156
0.885277509689331,19.256744000002072,28.426143922516303,-61.81126478666067,75.10768345189845,provided_forward,pinhole,ego带tof,73,right_hand,0.0,1156
0.5261875987052917,19.50662200000079,16.11840675903136,77.68201464574076,78.62025234715313,provided_forward,pinhole,ego带tof,74,left_hand,0.0,1171
0.9873683452606201,19.50662200000079,27.255238832943405,-55.6905005386011,61.907470621750285,provided_forward,pinhole,ego带tof,74,right_hand,0.0,1171
0.6280564069747925,19.756483000001026,17.109608696198052,77.09565925787683,78.49037216141383,provided_forward,pinhole,ego带tof,75,left_hand,0.0,1186
0.9874472618103027,19.756483000001026,24.357692392223043,-55.240893617622305,61.54071039606943,provided_forward,pinhole,ego带tof,75,right_hand,0.0,1186
0.7495651245117188,20.006353000000672,17.19994921535988,75.90245398167212,76.9956852264492,provided_forward,pinhole,ego带tof,76,left_hand,0.0,1201
0.9925699830055237,20.006353000000672,22.565708853428305,-60.52301476443756,65.2758752346548,provided_forward,pinhole,ego带tof,76,right_hand,0.0,1201
0.6554721593856812,20.25627600000007,16.124730065046606,78.08421834298781,78.86423218229304,provided_forward,pinhole,ego带tof,77,left_hand,0.0,1216
0.9925079941749573,20.25627600000007,25.415068262021464,-75.67475682004965,81.42623583759288,provided_forward,pinhole,ego带tof,77,right_hand,0.0,1216
0.8600575923919678,20.506169000000227,16.150384666809714,75.59985741626667,76.43389396975925,provided_forward,pinhole,ego带tof,78,left_hand,0.0,1231
0.9891429543495178,20.506169000000227,27.356861670416947,-89.38108164063829,96.00283178791636,provided_forward,pinhole,ego带tof,78,right_hand,0.0,1231
0.7607075572013855,20.755998000000545,15.711793022210486,75.50743818347087,76.04727735141073,provided_forward,pinhole,ego带tof,79,left_hand,0.0,1246
0.986925482749939,20.755998000000545,23.194846010869014,-77.68212374142308,83.6210606847673,provided_forward,pinhole,ego带tof,79,right_hand,0.0,1246
0.6423020362854004,21.005808000001707,16.542438266373892,74.10935898381967,74.9782929512244,provided_forward,pinhole,ego带tof,80,left_hand,0.0,1261
0.9816989898681641,21.005808000001707,24.67752101475287,-62.31310302678128,67.67557764058122,provided_forward,pinhole,ego带tof,80,right_hand,0.0,1261
0.582703173160553,21.25564900000245,16.80844957093518,73.5041766127099,74.47216768561316,provided_forward,pinhole,ego带tof,81,left_hand,0.0,1276
0.9760788679122925,21.25564900000245,23.912636767123786,-49.362080054175294,57.03159031301632,provided_forward,pinhole,ego带tof,81,right_hand,0.0,1276
0.8041749000549316,21.5054850000015,16.95987241458704,74.04674179823428,75.13626811964633,provided_forward,pinhole,ego带tof,82,left_hand,0.0,1291
0.9640715718269348,21.5054850000015,25.398481288098765,-48.43801737537308,58.38370204460147,provided_forward,pinhole,ego带tof,82,right_hand,0.0,1291
0.7534166574478149,21.755339999999705,16.076842497320683,73.31901964312272,74.62161148594016,provided_forward,pinhole,ego带tof,83,left_hand,0.0,1306
0.5722086429595947,22.005177999999432,16.633982678712925,73.76338594663969,74.8829655094386,provided_forward,pinhole,ego带tof,84,left_hand,0.0,1321
0.9558802843093872,22.005177999999432,30.39969663704119,-63.76864795616132,77.20624299364802,provided_forward,pinhole,ego带tof,84,right_hand,0.0,1321
0.8035581111907959,22.255056000001787,15.788030158246215,73.99745074834584,74.5384896189279,provided_forward,pinhole,ego带tof,85,left_hand,0.0,1336
0.954319417476654,22.255056000001787,36.03527843974496,-63.65712207901822,81.83896963646016,provided_forward,pinhole,ego带tof,85,right_hand,0.0,1336
0.7800463438034058,22.504923000000417,16.58879828121934,73.36877623253577,74.45512633512641,provided_forward,pinhole,ego带tof,86,left_hand,0.0,1351
0.972173810005188,22.504923000000417,45.291500678010266,-63.121748419002074,84.26835129178369,provided_forward,pinhole,ego带tof,86,right_hand,0.0,1351
0.8578619956970215,22.754801999999472,15.689433551843422,75.17271800126878,76.2810251546188,provided_forward,pinhole,ego带tof,87,left_hand,0.0,1366
0.9817680716514587,22.754801999999472,39.88918252359201,-39.24178067359185,60.804466514250954,provided_forward,pinhole,ego带tof,87,right_hand,0.0,1366
0.6514718532562256,1.0162080000009155,-16.87086828312897,93.36400768648718,95.24610670640381,provided_inverse,pinhole,ego带tof,0,left_hand,0.0,61
0.9877557754516602,1.0162080000009155,-39.531862749593074,26.144485772444796,49.42970168923818,provided_inverse,pinhole,ego带tof,0,right_hand,0.0,61
0.8357504606246948,1.2660550000000512,-17.063955704726993,95.08159353994972,97.8588526417957,provided_inverse,pinhole,ego带tof,1,left_hand,0.0,76
0.9746226668357849,1.2660550000000512,-43.48690563023638,8.116172913675314,50.42375097452869,provided_inverse,pinhole,ego带tof,1,right_hand,0.0,76
0.9226356744766235,1.5159239999993588,-18.368652039487245,89.28093428792567,92.30926831486973,provided_inverse,pinhole,ego带tof,2,left_hand,0.0,91
0.9762072563171387,1.5159239999993588,-48.250690826222694,-10.341088882126542,52.18708902558244,provided_inverse,pinhole,ego带tof,2,right_hand,0.0,91
0.6076048612594604,1.7657900000012887,-17.34899293321166,91.34850900325898,93.17819976498134,provided_inverse,pinhole,ego带tof,3,left_hand,0.0,106
0.9601686000823975,1.7657900000012887,-39.63833997024426,1.0225109482529433,43.271466491922645,provided_inverse,pinhole,ego带tof,3,right_hand,0.0,106
0.8218392133712769,2.0157230000004347,-16.938705186311495,89.36244343237286,92.73456412700484,provided_inverse,pinhole,ego带tof,4,left_hand,0.0,121
0.9621993899345398,2.0157230000004347,-33.25215684288787,7.649808296957644,36.06208654168019,provided_inverse,pinhole,ego带tof,4,right_hand,0.0,121
0.846406877040863,2.265547000002698,-17.57829953762132,90.05689271306687,92.57812236532187,provided_inverse,pinhole,ego带tof,5,left_hand,0.0,136
0.9906699061393738,2.265547000002698,-25.043796201023724,9.481266709209876,25.931027932167634,provided_inverse,pinhole,ego带tof,5,right_hand,0.0,136
0.7290077805519104,2.5154309999998077,-17.78599501019505,90.35280564731113,92.20508682968864,provided_inverse,pinhole,ego带tof,6,left_hand,0.0,151
0.8862011432647705,2.5154309999998077,-21.7381560358524,9.220455905641984,23.969544477725318,provided_inverse,pinhole,ego带tof,6,right_hand,0.0,151
0.8305389285087585,2.7653150000005553,-17.610170082343473,90.40770682200719,93.52018731659872,provided_inverse,pinhole,ego带tof,7,left_hand,0.0,166
0.8746105432510376,2.7653150000005553,-16.729201050119627,6.871473587790547,18.134085744281816,provided_inverse,pinhole,ego带tof,7,right_hand,0.0,166
0.8676229119300842,3.0151810000024852,-16.481991156621007,90.57404804145051,93.09395675317882,provided_inverse,pinhole,ego带tof,8,left_hand,0.0,181
0.9360130429267883,3.0151810000024852,-18.644665988425686,-1.609186612955682,18.827154701391443,provided_inverse,pinhole,ego带tof,8,right_hand,0.0,181
0.925102710723877,3.265078000000358,-16.41499428835789,87.47789349033837,90.30935111611947,provided_inverse,pinhole,ego带tof,9,left_hand,0.0,196
0.9538155794143677,3.265078000000358,-20.908334744096692,-4.107967811256799,21.80175534526985,provided_inverse,pinhole,ego带tof,9,right_hand,0.0,196
0.7406121492385864,3.514936999999918,-17.20344442708557,91.86036073422099,94.5826449198494,provided_inverse,pinhole,ego带tof,10,left_hand,0.0,211
0.9548575282096863,3.514936999999918,-19.41905615841813,-2.2646624339652135,19.666017094302592,provided_inverse,pinhole,ego带tof,10,right_hand,0.0,211
0.9535417556762695,3.7647969999998168,-14.589001295807634,79.07813320945502,82.53608633077097,provided_inverse,pinhole,ego带tof,11,left_hand,0.0,226
0.937639594078064,3.7647969999998168,-21.61207167648513,-5.76371527432002,22.457878444612945,provided_inverse,pinhole,ego带tof,11,right_hand,0.0,226
0.9108502268791199,4.014654000002338,-17.191864200993166,50.78254311883859,55.58323495572368,provided_inverse,pinhole,ego带tof,12,left_hand,0.0,241
0.9586971998214722,4.014654000002338,-19.919163939886175,-4.844510034006817,20.807380039154463,provided_inverse,pinhole,ego带tof,12,right_hand,0.0,241
0.8324170112609863,4.264524000001984,-14.087662059735408,13.290790433182906,23.107669462543747,provided_inverse,pinhole,ego带tof,13,left_hand,0.0,256
0.9639177918434143,4.264524000001984,-18.610662099568685,-4.863142254830336,19.23556332356915,provided_inverse,pinhole,ego带tof,13,right_hand,0.0,256
0.6919918060302734,4.514390000000276,-11.30001170574883,-2.1521094684129594,17.626866074413034,provided_inverse,pinhole,ego带tof,14,left_hand,0.0,271
0.9565480947494507,4.514390000000276,-20.21220954818807,-4.197921575513192,20.536400568356765,provided_inverse,pinhole,ego带tof,14,right_hand,0.0,271
0.5923431515693665,4.764251000000513,-11.20142760076476,2.587758128215455,14.524013334266437,provided_inverse,pinhole,ego带tof,15,left_hand,0.0,286
0.9284804463386536,4.764251000000513,-21.454535885361565,-4.926551483829144,22.153775131444032,provided_inverse,pinhole,ego带tof,15,right_hand,0.0,286
0.6153179407119751,5.01409699999931,-9.379351436019022,12.929563271703614,16.544882361822943,provided_inverse,pinhole,ego带tof,16,left_hand,0.0,301
0.9581605195999146,5.01409699999931,-19.0232330405197,-3.24368589129017,19.64413192502339,provided_inverse,pinhole,ego带tof,16,right_hand,0.0,301
0.8287489414215088,5.263964000001579,-6.60745849030684,14.791078523091642,20.16040616462177,provided_inverse,pinhole,ego带tof,17,left_hand,0.0,316
0.9555438756942749,5.263964000001579,-18.47287415838582,-1.7101993968300349,19.093767627639988,provided_inverse,pinhole,ego带tof,17,right_hand,0.0,316
0.9465999603271484,5.5138350000015635,-18.59214500471512,-3.0282412356961004,19.058793943325558,provided_inverse,pinhole,ego带tof,18,right_hand,0.0,331
0.9615907073020935,5.763681000000361,-23.64255283836451,-7.561820283801239,25.576521736662233,provided_inverse,pinhole,ego带tof,19,right_hand,0.0,346
0.5192209482192993,6.013559000002715,-5.424030534564736,-21.39308277757152,23.11877544385142,provided_inverse,pinhole,ego带tof,20,left_hand,0.0,361
0.9468889236450195,6.013559000002715,-19.676894615080755,-4.178463256481564,20.47407302910838,provided_inverse,pinhole,ego带tof,20,right_hand,0.0,361
0.8220239877700806,6.263433000000077,-9.292685655263199,-35.84648238161549,37.422852999496556,provided_inverse,pinhole,ego带tof,21,left_hand,0.0,376
0.9545929431915283,6.263433000000077,-19.943926114331134,-4.214894998932209,20.086581047030037,provided_inverse,pinhole,ego带tof,21,right_hand,0.0,376
0.7567025423049927,6.5133050000004005,-11.276423669872884,-34.40098351358279,36.8809115090278,provided_inverse,pinhole,ego带tof,22,left_hand,0.0,391
0.9437798261642456,6.5133050000004005,-17.96566756754703,-2.8042267833584447,18.053185806739528,provided_inverse,pinhole,ego带tof,22,right_hand,0.0,391
0.7451897263526917,6.763216999999713,-12.301490712145437,-12.219892842579043,20.476835657385422,provided_inverse,pinhole,ego带tof,23,left_hand,0.0,406
0.9628702998161316,6.763216999999713,-19.46912094052834,-4.84171712054615,20.082212579269015,provided_inverse,pinhole,ego带tof,23,right_hand,0.0,406
0.9276918768882751,7.01307799999995,-7.81004033808199,-4.750738526437203,12.981102861825885,provided_inverse,pinhole,ego带tof,24,left_hand,0.0,421
0.940629243850708,7.01307799999995,-17.542888467347893,-3.4262629258762445,18.187773019801938,provided_inverse,pinhole,ego带tof,24,right_hand,0.0,421
0.6281761527061462,7.262950000000274,-8.79284921165356,-1.4446780421658332,14.041756026386775,provided_inverse,pinhole,ego带tof,25,left_hand,0.0,436
0.9083656072616577,7.262950000000274,-17.892730274422433,-3.13259829000674,18.246717900443972,provided_inverse,pinhole,ego带tof,25,right_hand,0.0,436
0.6545135378837585,7.512811000000511,-7.690514636553189,-2.6689803284608615,14.158691817651446,provided_inverse,pinhole,ego带tof,26,left_hand,0.0,451
0.9299256801605225,7.512811000000511,-17.179669542935244,-3.5866920368732735,17.808786369088633,provided_inverse,pinhole,ego带tof,26,right_hand,0.0,451
0.9678739905357361,7.762681000000157,-17.960537699275164,2.834350868853562,24.184327011288225,provided_inverse,pinhole,ego带tof,27,left_hand,0.0,466
0.9297561049461365,7.762681000000157,-16.66824721839123,-2.5266815270902043,16.80640058057947,provided_inverse,pinhole,ego带tof,27,right_hand,0.0,466
0.9642632603645325,8.012565000000905,-19.668986777824216,-0.40819097268990845,26.183296871408587,provided_inverse,pinhole,ego带tof,28,left_hand,0.0,481
0.9439938068389893,8.012565000000905,-18.220997690164268,-2.51983148913871,18.39838988401174,provided_inverse,pinhole,ego带tof,28,right_hand,0.0,481
0.9820082783699036,8.262432999999874,-18.042606073312186,-5.594301867073341,22.080287848146018,provided_inverse,pinhole,ego带tof,29,left_hand,0.0,496
0.9498097896575928,8.262432999999874,-18.720392196767875,-3.908738522179874,19.38236193936125,provided_inverse,pinhole,ego带tof,29,right_hand,0.0,496
0.9757798910140991,8.512359000000288,-14.738068915365147,-7.073363139100934,25.82455712431409,provided_inverse,pinhole,ego带tof,30,left_hand,0.0,511
0.9560633301734924,8.512359000000288,-18.533103038636,-5.0217609283573665,18.905987622587578,provided_inverse,pinhole,ego带tof,30,right_hand,0.0,511
0.9214133024215698,8.762210000000778,-16.31265692461318,19.853131889279553,28.363624501376265,provided_inverse,pinhole,ego带tof,31,left_hand,0.0,526
0.954925537109375,8.762210000000778,-20.667920322108785,-4.544241754383961,21.749866200144684,provided_inverse,pinhole,ego带tof,31,right_hand,0.0,526
0.9596275091171265,9.012090000000171,-17.645097664287732,58.19821054856459,63.58982305892533,provided_inverse,pinhole,ego带tof,32,left_hand,0.0,541
0.956672191619873,9.012090000000171,-19.958226836415747,-4.362999855786484,20.207653078265476,provided_inverse,pinhole,ego带tof,32,right_hand,0.0,541
0.90680330991745,9.261975000001257,-17.828938740564638,85.0747533574197,86.94940394294058,provided_inverse,pinhole,ego带tof,33,left_hand,0.0,556
0.9657820463180542,9.261975000001257,-21.3602618562727,-3.7688658239743518,21.673932194245587,provided_inverse,pinhole,ego带tof,33,right_hand,0.0,556
0.934205174446106,9.511816000002,-17.03200921905966,84.06517216946895,87.57107435441596,provided_inverse,pinhole,ego带tof,34,left_hand,0.0,571
0.9367544651031494,9.511816000002,-18.491111172775277,-5.763636609100445,19.431548574608904,provided_inverse,pinhole,ego带tof,34,right_hand,0.0,571
0.89725661277771,9.761677000002237,-16.910040832697064,88.04790920632877,89.99652301546266,provided_inverse,pinhole,ego带tof,35,left_hand,0.0,586
0.9467913508415222,9.761677000002237,-17.548060157673035,-5.498767150912727,18.20114241709789,provided_inverse,pinhole,ego带tof,35,right_hand,0.0,586
0.7976264953613281,10.01154999999926,-16.684247054224898,86.24868284115814,89.22172136179819,provided_inverse,pinhole,ego带tof,36,left_hand,0.0,601
0.9175580739974976,10.01154999999926,-18.191505952132616,-0.3608825085061653,18.193414451270108,provided_inverse,pinhole,ego带tof,36,right_hand,0.0,601
0.764995276927948,10.261426000000938,-16.14932912370915,87.21742040932816,89.29448132987623,provided_inverse,pinhole,ego带tof,37,left_hand,0.0,616
0.8846996426582336,10.261426000000938,-20.87231778134469,7.177202340969075,22.54734834316847,provided_inverse,pinhole,ego带tof,37,right_hand,0.0,616
0.5674142837524414,10.511277000001428,-16.086822617421547,86.70505108536645,88.92997247556089,provided_inverse,pinhole,ego带tof,38,left_hand,0.0,631
0.8530995845794678,10.511277000001428,-20.61516666007128,9.984129568019398,22.84424178920037,provided_inverse,pinhole,ego带tof,38,right_hand,0.0,631
0.6624232530593872,10.761146000000736,-16.209376170656014,86.98983391559216,89.17118549630027,provided_inverse,pinhole,ego带tof,39,left_hand,0.0,646
0.5424896478652954,10.761146000000736,-25.42934044287574,13.867915661247821,28.292684167040214,provided_inverse,pinhole,ego带tof,39,right_hand,0.0,646
0.5941784977912903,11.011010000001988,-17.685531382909744,86.29786200838691,88.49651442716156,provided_inverse,pinhole,ego带tof,40,left_hand,0.0,661
0.9807374477386475,11.011010000001988,-23.295012440061555,8.209001594707047,25.292073725893502,provided_inverse,pinhole,ego带tof,40,right_hand,0.0,661
0.8406916856765747,11.260874999999942,-16.413827845049752,83.32926105258628,86.65686910357203,provided_inverse,pinhole,ego带tof,41,left_hand,0.0,676
0.9709338545799255,11.260874999999942,-37.210566878902,-4.158567737136195,42.71286160176518,provided_inverse,pinhole,ego带tof,41,right_hand,0.0,676
0.6274437308311462,11.510731000002124,-16.902257417796136,87.4818022477017,90.06132213920716,provided_inverse,pinhole,ego带tof,42,left_hand,0.0,691
0.974320650100708,11.510731000002124,-56.67465208477597,5.5797287934399264,56.8172169756939,provided_inverse,pinhole,ego带tof,42,right_hand,0.0,691
0.7808719873428345,11.760587000000669,-17.39095592601757,88.03203355288406,90.5292629912141,provided_inverse,pinhole,ego带tof,43,left_hand,0.0,706
0.7527731657028198,12.010470000001078,-17.156144581516173,89.64310488747458,91.83403886055308,provided_inverse,pinhole,ego带tof,44,left_hand,0.0,721
0.9482568502426147,12.010470000001078,-37.445253565368944,59.18416910485382,69.95365688941362,provided_inverse,pinhole,ego带tof,44,right_hand,0.0,721
0.809097409248352,12.260385000001406,-16.919919195335467,89.09819479692123,91.43899890122474,provided_inverse,pinhole,ego带tof,45,left_hand,0.0,736
0.965202808380127,12.260385000001406,-37.46408577772331,77.49029422687022,86.46173015774873,provided_inverse,pinhole,ego带tof,45,right_hand,0.0,736
0.716115415096283,12.510259999999107,-17.322472925151942,88.6537309500377,90.90139892598108,provided_inverse,pinhole,ego带tof,46,left_hand,0.0,751
0.9766116142272949,12.510259999999107,-30.325735291379942,80.68115498181521,86.65355030470671,provided_inverse,pinhole,ego带tof,46,right_hand,0.0,751
0.8167204856872559,12.760132999999769,-16.70267476378217,83.50348715007135,86.03609021903713,provided_inverse,pinhole,ego带tof,47,left_hand,0.0,766
0.9754782319068909,12.760132999999769,-33.27181044942779,81.93770982300884,89.04811525142176,provided_inverse,pinhole,ego带tof,47,right_hand,0.0,766
0.9674617052078247,13.009999000001699,-17.16925610244141,59.402722608661634,65.94606471863523,provided_inverse,pinhole,ego带tof,48,left_hand,0.0,781
0.9708678126335144,13.009999000001699,-35.024892594398125,82.21267694872438,89.96166817558577,provided_inverse,pinhole,ego带tof,48,right_hand,0.0,781
0.9691278338432312,13.259862999999314,-16.51446976660577,26.317344191457778,37.895401229548085,provided_inverse,pinhole,ego带tof,49,left_hand,0.0,796
0.9759398102760315,13.259862999999314,-33.704819530544,79.88904036362908,87.254243619025,provided_inverse,pinhole,ego带tof,49,right_hand,0.0,796
0.9826738834381104,13.509735999999975,-15.062156074378606,4.583256641537446,25.75199149390621,provided_inverse,pinhole,ego带tof,50,left_hand,0.0,811
0.9757022261619568,13.509735999999975,-33.145831723431456,80.5479677135836,87.52470277368761,provided_inverse,pinhole,ego带tof,50,right_hand,0.0,811
0.7457168102264404,13.759592000002158,-13.97173298098221,9.397937751181416,22.0581187585698,provided_inverse,pinhole,ego带tof,51,left_hand,0.0,826
0.9654384851455688,13.759592000002158,-30.944982757765615,77.99444496590502,84.80177064093506,provided_inverse,pinhole,ego带tof,51,right_hand,0.0,826
0.9252957701683044,14.009479000000283,-16.8996027743824,13.813515236324065,24.395013328530094,provided_inverse,pinhole,ego带tof,52,left_hand,0.0,841
0.9747506380081177,14.009479000000283,-26.722768016869168,77.60514766791721,82.84923208664551,provided_inverse,pinhole,ego带tof,52,right_hand,0.0,841
0.9898374080657959,14.25935500000196,-11.702571063822916,12.62226484784253,23.876535322371435,provided_inverse,pinhole,ego带tof,53,left_hand,0.0,856
0.9629153609275818,14.25935500000196,-29.06305180246011,77.49326836311934,84.06982374605876,provided_inverse,pinhole,ego带tof,53,right_hand,0.0,856
0.9822144508361816,14.509228999999323,-11.490506541217655,10.287943490165617,22.89555447457475,provided_inverse,pinhole,ego带tof,54,left_hand,0.0,871
0.9705159664154053,14.509228999999323,-27.916426958899706,76.50951749982801,82.26649608763375,provided_inverse,pinhole,ego带tof,54,right_hand,0.0,871
0.973755955696106,14.759101999999984,-13.334991630535797,4.988249936601278,20.740998096747933,provided_inverse,pinhole,ego带tof,55,left_hand,0.0,886
0.9688332080841064,14.759101999999984,-28.158468282322474,76.90677860249161,83.07254709184147,provided_inverse,pinhole,ego带tof,55,right_hand,0.0,886
0.9912985563278198,15.008985000000393,-12.886890679418798,-2.547884348384855,17.790865100349194,provided_inverse,pinhole,ego带tof,56,left_hand,0.0,901
0.9814382791519165,15.008985000000393,-29.354500086893495,75.75997506896226,82.51939816000224,provided_inverse,pinhole,ego带tof,56,right_hand,0.0,901
0.9959381222724915,15.25886299999911,-18.534082370589317,3.8440082864967735,24.503365107891,provided_inverse,pinhole,ego带tof,57,left_hand,0.0,916
0.9786078333854675,15.25886299999911,-29.56799666471477,76.31139365627814,82.71218555206954,provided_inverse,pinhole,ego带tof,57,right_hand,0.0,916
0.9911249279975891,15.508739000000787,-18.353647992108563,11.215502042341427,24.45597996131278,provided_inverse,pinhole,ego带tof,58,left_hand,0.0,931
0.9690172076225281,15.508739000000787,-27.59701508840783,76.66116190379171,82.50364973765359,provided_inverse,pinhole,ego带tof,58,right_hand,0.0,931
0.99155193567276,15.758625000002212,-19.475565041451887,19.387424670103314,29.837218782664163,provided_inverse,pinhole,ego带tof,59,left_hand,0.0,946
0.9707463383674622,15.758625000002212,-27.73123416613771,74.72668637276774,80.75470455759496,provided_inverse,pinhole,ego带tof,59,right_hand,0.0,946
0.996241569519043,16.008484000001772,-15.09896080127055,22.3465366290676,27.812588033299377,provided_inverse,pinhole,ego带tof,60,left_hand,0.0,961
0.9622177481651306,16.008484000001772,-26.13840288421875,73.60927385279729,79.32681259094913,provided_inverse,pinhole,ego带tof,60,right_hand,0.0,961
0.9929208159446716,16.258320000000822,-19.436360373633534,17.32113612292153,29.90776682294116,provided_inverse,pinhole,ego带tof,61,left_hand,0.0,976
0.9608943462371826,16.258320000000822,-27.93061546629815,73.02486827844746,79.68046619805378,provided_inverse,pinhole,ego带tof,61,right_hand,0.0,976
0.9779877662658691,16.508179000000382,-22.15948855735155,13.107660254186953,29.28688212992587,provided_inverse,pinhole,ego带tof,62,left_hand,0.0,991
0.9719832539558411,16.508179000000382,-27.654535150851075,73.08757845358866,80.40181129155552,provided_inverse,pinhole,ego带tof,62,right_hand,0.0,991
0.9931846261024475,16.75803900000028,-18.58518327062677,11.220451285928107,29.843151830201872,provided_inverse,pinhole,ego带tof,63,left_hand,0.0,1006
0.9629107117652893,16.75803900000028,-28.12454728446164,74.57697940526509,80.73393549455018,provided_inverse,pinhole,ego带tof,63,right_hand,0.0,1006
0.9871450066566467,17.007903000001534,-17.778925477300504,12.661568482946564,31.478837968375515,provided_inverse,pinhole,ego带tof,64,left_hand,0.0,1021
0.971278727054596,17.007903000001534,-30.585965272478234,74.89680356379574,81.57294659765718,provided_inverse,pinhole,ego带tof,64,right_hand,0.0,1021
0.969463050365448,17.257778999999573,-16.475871476596808,34.99553034021949,43.542347500867365,provided_inverse,pinhole,ego带tof,65,left_hand,0.0,1036
0.9736483097076416,17.257778999999573,-32.66792825139828,78.9221248693176,84.84536685422407,provided_inverse,pinhole,ego带tof,65,right_hand,0.0,1036
0.8175167441368103,17.507688000001508,-16.32302006801092,73.0359066887396,76.578589971857,provided_inverse,pinhole,ego带tof,66,left_hand,0.0,1051
0.9678357243537903,17.507688000001508,-33.96557659968016,81.51796202621313,88.39682128128103,provided_inverse,pinhole,ego带tof,66,right_hand,0.0,1051
0.780258059501648,17.75755500000014,-17.28030767037933,93.33899980835565,96.11785000349578,provided_inverse,pinhole,ego带tof,67,left_hand,0.0,1066
0.9724577069282532,17.75755500000014,-29.36438474104625,82.54572853471439,87.92225886542282,provided_inverse,pinhole,ego带tof,67,right_hand,0.0,1066
0.8453022241592407,18.00745100000131,-16.16383489436714,96.13564014568396,98.39690098847746,provided_inverse,pinhole,ego带tof,68,left_hand,0.0,1081
0.9759924411773682,18.00745100000131,-29.55826775375715,82.30922383903953,88.37651083712034,provided_inverse,pinhole,ego带tof,68,right_hand,0.0,1081
0.5139521360397339,18.507158000000345,-16.849009870696023,99.79034700677062,102.2147390423703,provided_inverse,pinhole,ego带tof,70,left_hand,0.0,1111
0.9841640591621399,18.507158000000345,-40.03128893848964,24.963016337677573,48.391999351421994,provided_inverse,pinhole,ego带tof,70,right_hand,0.0,1111
0.804888129234314,18.757025000002614,-15.885682572269673,97.54888688505116,100.05310294718169,provided_inverse,pinhole,ego带tof,71,left_hand,0.0,1126
0.9723613262176514,18.757025000002614,-52.21837577163842,-2.794995131789733,54.09890201308971,provided_inverse,pinhole,ego带tof,71,right_hand,0.0,1126
0.737935483455658,19.006869000000734,-17.447416509951267,95.20124477235981,97.75089235522691,provided_inverse,pinhole,ego带tof,72,left_hand,0.0,1141
0.9805241823196411,19.006869000000734,-40.414702650552044,-22.164775513322866,47.141016924476666,provided_inverse,pinhole,ego带tof,72,right_hand,0.0,1141
0.5486709475517273,19.256744000002072,-17.044615391917546,94.55261819118209,97.10925621059994,provided_inverse,pinhole,ego带tof,73,left_hand,0.0,1156
0.885277509689331,19.256744000002072,-30.393349568603526,-18.160388324364362,40.87355340362961,provided_inverse,pinhole,ego带tof,73,right_hand,0.0,1156
0.5261875987052917,19.50662200000079,-18.143882659722067,93.45120607682736,95.88181759228534,provided_inverse,pinhole,ego带tof,74,left_hand,0.0,1171
0.9873683452606201,19.50662200000079,-28.159873958661706,-16.24149169546172,33.269158833053694,provided_inverse,pinhole,ego带tof,74,right_hand,0.0,1171
0.6280564069747925,19.756483000001026,-17.53635700445102,93.02455797763764,95.0387596423833,provided_inverse,pinhole,ego带tof,75,left_hand,0.0,1186
0.9874472618103027,19.756483000001026,-29.30005643883237,-16.07482849531266,34.611130035721445,provided_inverse,pinhole,ego带tof,75,right_hand,0.0,1186
0.7495651245117188,20.006353000000672,-16.610925836887077,91.81749275104778,94.08365038274816,provided_inverse,pinhole,ego带tof,76,left_hand,0.0,1201
0.9925699830055237,20.006353000000672,-29.618922238272376,-20.592774770964184,36.757177760549006,provided_inverse,pinhole,ego带tof,76,right_hand,0.0,1201
0.6554721593856812,20.25627600000007,-17.1929759260978,93.74139368549709,96.30382920367003,provided_inverse,pinhole,ego带tof,77,left_hand,0.0,1216
0.9925079941749573,20.25627600000007,-27.7424538618194,-35.55517989982263,43.45943421535393,provided_inverse,pinhole,ego带tof,77,right_hand,0.0,1216
0.8600575923919678,20.506169000000227,-17.42202930399276,91.29278936834214,93.8661447983416,provided_inverse,pinhole,ego带tof,78,left_hand,0.0,1231
0.9891429543495178,20.506169000000227,-32.12881573186792,-44.466138221132155,51.93574646007297,provided_inverse,pinhole,ego带tof,78,right_hand,0.0,1231
0.7607075572013855,20.755998000000545,-17.743081495946058,91.20795310076028,94.23064196976729,provided_inverse,pinhole,ego带tof,79,left_hand,0.0,1246
0.986925482749939,20.755998000000545,-20.918062215936175,-39.08735132790207,46.12467150924176,provided_inverse,pinhole,ego带tof,79,right_hand,0.0,1246
0.6423020362854004,21.005808000001707,-16.235439273076054,90.13118501657448,92.66381814208249,provided_inverse,pinhole,ego带tof,80,left_hand,0.0,1261
0.9816989898681641,21.005808000001707,-22.340861888485392,-26.433222806467256,34.0938472772983,provided_inverse,pinhole,ego带tof,80,right_hand,0.0,1261
0.582703173160553,21.25564900000245,-17.062864860381126,89.37645049269724,91.8577454623961,provided_inverse,pinhole,ego带tof,81,left_hand,0.0,1276
0.9760788679122925,21.25564900000245,-21.385936703847392,-14.011325392210324,29.16693352803925,provided_inverse,pinhole,ego带tof,81,right_hand,0.0,1276
0.8041749000549316,21.5054850000015,-16.65544369495558,90.02797870154029,92.4376579094981,provided_inverse,pinhole,ego带tof,82,left_hand,0.0,1291
0.9640715718269348,21.5054850000015,-27.292407940690055,-8.519439498552629,31.350899776975158,provided_inverse,pinhole,ego带tof,82,right_hand,0.0,1291
0.7534166574478149,21.755339999999705,-17.695933838360133,89.90509046745399,91.83852692004197,provided_inverse,pinhole,ego带tof,83,left_hand,0.0,1306
0.5722086429595947,22.005177999999432,-16.75520589451986,89.79618937652867,92.20584986533272,provided_inverse,pinhole,ego带tof,84,left_hand,0.0,1321
0.9558802843093872,22.005177999999432,-37.23922539549244,-16.447074304839475,42.64702562532247,provided_inverse,pinhole,ego带tof,84,right_hand,0.0,1321
0.8035581111907959,22.255056000001787,-17.630085918160717,89.73420297214068,92.8314725315669,provided_inverse,pinhole,ego带tof,85,left_hand,0.0,1336
0.954319417476654,22.255056000001787,-45.07352528624915,-10.883589608733018,48.096423753702055,provided_inverse,pinhole,ego带tof,85,right_hand,0.0,1336
0.7800463438034058,22.504923000000417,-16.838416005914496,89.39079285084335,91.82043272661441,provided_inverse,pinhole,ego带tof,86,left_hand,0.0,1351
0.972173810005188,22.504923000000417,-57.40466601023468,-3.0132106912845984,62.38056089076933,provided_inverse,pinhole,ego带tof,86,right_hand,0.0,1351
0.8578619956970215,22.754801999999472,-17.13972374445359,90.94282450568335,93.17471361884853,provided_inverse,pinhole,ego带tof,87,left_hand,0.0,1366
0.9817680716514587,22.754801999999472,-46.75581277543142,10.04242936697392,52.49616860723632,provided_inverse,pinhole,ego带tof,87,right_hand,0.0,1366
0.9620320796966553,1.0160280000000057,-15.436186830366694,67.65913293107678,71.71029250457286,direct,eucm,ego不带tof,0,left_hand,0.0,61
0.97738116979599,1.0160280000000057,5.4922062141209835,25.77685250029458,26.43294540916812,direct,eucm,ego不带tof,0,right_hand,0.0,61
0.8622627258300781,1.265863000000536,-18.516465147656163,24.223508834900713,35.5300516944529,direct,eucm,ego不带tof,1,left_hand,0.0,76
0.9868857264518738,1.265863000000536,5.548055691940135,14.181514160093343,16.349319734678424,direct,eucm,ego不带tof,1,right_hand,0.0,76
0.9195961952209473,1.5157190000008995,-11.680578450311714,-11.535085237255998,21.00633948774065,direct,eucm,ego不带tof,2,left_hand,0.0,91
0.9862293004989624,1.5157190000008995,4.2572558138761,12.3267867029856,13.592482874448937,direct,eucm,ego不带tof,2,right_hand,0.0,91
0.9643117189407349,1.7655699999995704,-2.13146934434576,-20.472737725432808,23.040806952305697,direct,eucm,ego不带tof,3,left_hand,0.0,106
0.9903656840324402,1.7655699999995704,2.5360435610344894,12.337827612604997,15.047300465699841,direct,eucm,ego不带tof,3,right_hand,0.0,106
0.86310875415802,2.015419000001202,3.391069757345008,-15.055459477798536,15.774591803018977,direct,eucm,ego不带tof,4,left_hand,0.0,121
0.9843211770057678,2.015419000001202,1.5883562633130168,15.358840913871404,17.814065427808288,direct,eucm,ego不带tof,4,right_hand,0.0,121
0.5771262645721436,2.265279000001101,0.9949083082558445,4.608414396664443,10.97974029780161,direct,eucm,ego不带tof,5,left_hand,0.0,136
0.9796554446220398,2.265279000001101,0.8763592977865073,17.808102548621946,20.794432526928293,direct,eucm,ego不带tof,5,right_hand,0.0,136
0.8200352787971497,2.5151519999999437,0.602741764974553,4.543299281768327,10.962399455543505,direct,eucm,ego不带tof,6,left_hand,0.0,151
0.9842525124549866,2.5151519999999437,3.11189005048152,22.090858620544623,23.451046138928785,direct,eucm,ego不带tof,6,right_hand,0.0,151
0.9866629242897034,2.7650090000006458,3.9240627094218326,24.683024557411954,26.426311572272738,direct,eucm,ego不带tof,7,right_hand,0.0,166
0.9796062707901001,3.014870000000883,3.88624026356365,21.53541309885634,22.924938591780887,direct,eucm,ego不带tof,8,right_hand,0.0,181
0.9883629083633423,3.2647460000007413,3.477526393358062,19.469633652872176,20.208820653891703,direct,eucm,ego不带tof,9,right_hand,0.0,196
0.9935052990913391,3.5146899999999732,3.7132636228585625,17.944996169971887,19.81414617766174,direct,eucm,ego不带tof,10,right_hand,0.0,211
0.995847761631012,4.014427000000069,3.499080483563148,20.61217787589476,22.682859016806177,direct,eucm,ego不带tof,12,right_hand,0.0,241
0.9923847913742065,4.264295000000857,2.1088850407079462,22.03611587518367,22.82732135525863,direct,eucm,ego不带tof,13,right_hand,0.0,256
0.7793506383895874,4.514199000001099,-14.750454777175833,-3.242889443600461,18.895598922709002,direct,eucm,ego不带tof,14,left_hand,0.0,271
0.9937449097633362,4.514199000001099,2.44805847668556,22.14379820931208,23.037803984179924,direct,eucm,ego不带tof,14,right_hand,0.0,271
0.7193935513496399,4.764057000000321,-10.827086085826465,-13.223812967921617,23.121123610069347,direct,eucm,ego不带tof,15,left_hand,0.0,286
0.9894606471061707,4.764057000000321,4.247867103419026,20.76703062198783,22.43397562256648,direct,eucm,ego不带tof,15,right_hand,0.0,286
0.7161141037940979,5.013923000000432,-11.669003229050986,-19.262726852728406,30.11912459780392,direct,eucm,ego不带tof,16,left_hand,0.0,301
0.9887954592704773,5.013923000000432,5.333011969769814,18.484810914371906,20.601567740102006,direct,eucm,ego不带tof,16,right_hand,0.0,301
0.5247360467910767,5.26379100000122,-13.592804796404607,-10.422027581668885,21.859613929884386,direct,eucm,ego不带tof,17,left_hand,0.0,316
0.9846702814102173,5.26379100000122,5.039197572914418,20.279332232064007,22.195941880814033,direct,eucm,ego不带tof,17,right_hand,0.0,316
0.6304959058761597,5.513660000000527,-7.83958425102594,-1.2907779239920956,15.396993963266903,direct,eucm,ego不带tof,18,left_hand,0.0,331
0.9844402074813843,5.513660000000527,4.869286745633303,18.828370551087346,20.676290324440664,direct,eucm,ego不带tof,18,right_hand,0.0,331
0.5247448086738586,5.763521000000765,-5.890711338691631,10.174534934913481,13.415045270048607,direct,eucm,ego不带tof,19,left_hand,0.0,346
0.9875265955924988,5.763521000000765,5.459910439401256,21.005182581051145,22.324279925182513,direct,eucm,ego不带tof,19,right_hand,0.0,346
0.8615628480911255,6.01338399999986,-12.070176583240823,12.54023197462459,19.100394972303217,direct,eucm,ego不带tof,20,left_hand,0.0,361
0.9867231845855713,6.01338399999986,5.488845053398336,20.791568816710424,22.161581077469812,direct,eucm,ego不带tof,20,right_hand,0.0,361
0.9861642122268677,6.26327400000082,6.6089907433201915,22.897318365041087,24.3533588404466,direct,eucm,ego不带tof,21,right_hand,0.0,376
0.9876024723052979,6.5131190000010974,4.81100045738674,19.972514433516494,22.123121738420796,direct,eucm,ego不带tof,22,right_hand,0.0,391
0.98420649766922,6.7629890000007435,5.836196081039475,19.06226766299119,20.006770631732564,direct,eucm,ego不带tof,23,right_hand,0.0,406
0.9864694476127625,7.012872000001153,3.9990069704601865,12.585311781432438,16.29962008824244,direct,eucm,ego不带tof,24,right_hand,0.0,421
0.9096047282218933,7.262729000000036,0.6263091573612201,-7.910873434400514,11.521285817516702,direct,eucm,ego不带tof,25,left_hand,0.0,436
0.9887590408325195,7.262729000000036,2.178463331021817,8.98521928895559,13.577516488453686,direct,eucm,ego不带tof,25,right_hand,0.0,436
0.9877358675003052,7.512587999999596,2.7730887510392677,12.26053447562947,15.769762495475394,direct,eucm,ego不带tof,26,right_hand,0.0,451
0.8995147943496704,7.762459999999919,9.022379807776815,-9.196740325903647,25.393684918538884,direct,eucm,ego不带tof,27,left_hand,0.0,466
0.9884617924690247,7.762459999999919,3.0815552147217886,13.767427321372338,16.886928525339002,direct,eucm,ego不带tof,27,right_hand,0.0,466
0.8593775033950806,8.012321000000156,1.8364075516635694,-13.505138027685234,17.164983838752672,direct,eucm,ego不带tof,28,left_hand,0.0,481
0.9857780933380127,8.012321000000156,2.9459187820108355,16.006692524470054,18.972938421581404,direct,eucm,ego不带tof,28,right_hand,0.0,481
0.9534967541694641,8.26221600000099,4.723128120983688,-13.035796112968342,17.35326440124001,direct,eucm,ego不带tof,29,left_hand,0.0,496
0.9872820377349854,8.26221600000099,1.6228653468333505,16.50264581552392,19.012132352777044,direct,eucm,ego不带tof,29,right_hand,0.0,496
0.9583837389945984,8.512097000000722,-0.9015201638218286,-9.243365758042387,13.157482536800346,direct,eucm,ego不带tof,30,left_hand,0.0,511
0.9829189777374268,8.512097000000722,2.3269054023307945,16.670741745591613,19.6757158665122,direct,eucm,ego不带tof,30,right_hand,0.0,511
0.823424220085144,8.76195700000062,2.1424806686695774,-3.098474031802766,9.816052788051524,direct,eucm,ego不带tof,31,left_hand,0.0,526
0.988023042678833,8.76195700000062,2.2444452609478276,17.05373936497756,19.722043774525407,direct,eucm,ego不带tof,31,right_hand,0.0,526
0.9174787998199463,9.01182499999959,-3.834719144394512,-3.3254423100158874,10.415049812796083,direct,eucm,ego不带tof,32,left_hand,0.0,541
0.9903664588928223,9.01182499999959,2.835546963057027,16.94897600748436,19.310344419643496,direct,eucm,ego不带tof,32,right_hand,0.0,541
0.9366922378540039,9.261709000000337,-6.357817802243062,-1.0349950380210657,14.532696237358786,direct,eucm,ego不带tof,33,left_hand,0.0,556
0.992450475692749,9.261709000000337,3.0703738441409314,17.09540190313453,19.399351044689144,direct,eucm,ego不带tof,33,right_hand,0.0,556
0.8390963077545166,9.511540000001332,-5.008116182112417,-0.4669198161756185,11.451603849537324,direct,eucm,ego不带tof,34,left_hand,0.0,571
0.9901911020278931,9.511540000001332,2.832027827155116,18.126023374346914,20.886709106589336,direct,eucm,ego不带tof,34,right_hand,0.0,571
0.8484763503074646,9.761405999999624,-5.357150918596517,3.617272246894231,12.000525599283863,direct,eucm,ego不带tof,35,left_hand,0.0,586
0.9911224842071533,9.761405999999624,2.7088568694091464,18.160404682812782,19.699247457951103,direct,eucm,ego不带tof,35,right_hand,0.0,586
0.9052445292472839,10.011264000000665,-3.7371314483129936,5.45388534180438,13.200326445605521,direct,eucm,ego不带tof,36,left_hand,0.0,601
0.9852791428565979,10.011264000000665,3.1581122311408762,20.95309657551502,22.91412676092308,direct,eucm,ego不带tof,36,right_hand,0.0,601
0.8451200723648071,10.261145000000397,-8.467413640923269,3.777991110828566,17.420295383317843,direct,eucm,ego不带tof,37,left_hand,0.0,616
0.9813354015350342,10.261145000000397,4.185768333906026,23.4850323466801,24.716459371398532,direct,eucm,ego不带tof,37,right_hand,0.0,616
0.8631210923194885,10.511037000000215,-9.247734449535642,12.621520681345032,25.7440207004423,direct,eucm,ego不带tof,38,left_hand,0.0,631
0.9883250594139099,10.511037000000215,4.3739608455066445,25.590858081030547,26.43919340544625,direct,eucm,ego不带tof,38,right_hand,0.0,631
0.8944457769393921,10.760866000000533,-18.05441719696796,31.872683485940797,42.15669855605089,direct,eucm,ego不带tof,39,left_hand,0.0,646
0.9838314652442932,10.760866000000533,4.092411246819324,27.681725629339553,27.987260279848908,direct,eucm,ego不带tof,39,right_hand,0.0,646
0.9323998689651489,11.010725000000093,-18.654716119530804,56.089403533412906,62.89481137299766,direct,eucm,ego不带tof,40,left_hand,0.0,661
0.9856969118118286,11.010725000000093,4.5634870690820435,24.683244999491194,26.897434395980714,direct,eucm,ego不带tof,40,right_hand,0.0,661
0.943682074546814,11.260605000001306,-17.8204045420257,70.42236885384898,75.48227416550466,direct,eucm,ego不带tof,41,left_hand,0.0,676
0.9903724193572998,11.260605000001306,3.7457822841131474,23.203718709810346,24.77345698705788,direct,eucm,ego不带tof,41,right_hand,0.0,676
0.9048742055892944,11.51044499999989,-20.04500894673083,83.18447166358249,89.44856937178965,direct,eucm,ego不带tof,42,left_hand,0.0,691
0.9808254837989807,11.51044499999989,3.02515258539529,22.987075364634165,23.90744357187453,direct,eucm,ego不带tof,42,right_hand,0.0,691
0.9348177909851074,11.760308000000805,-22.631266688062738,82.68671137079957,88.49750649388702,direct,eucm,ego不带tof,43,left_hand,0.0,706
0.9716485142707825,11.760308000000805,3.0540658739248556,21.92952295228406,22.421453273855064,direct,eucm,ego不带tof,43,right_hand,0.0,706
0.9460092782974243,12.010174000000916,-21.766193287056467,83.092951663019,89.39184846715598,direct,eucm,ego不带tof,44,left_hand,0.0,721
0.9781802892684937,12.010174000000916,2.682654652896531,22.70418098853179,23.996479362536196,direct,eucm,ego不带tof,44,right_hand,0.0,721
0.9465209245681763,12.260056000000986,-20.316509798910715,82.45413896479045,88.21514585724941,direct,eucm,ego不带tof,45,left_hand,0.0,736
0.9689206480979919,12.260056000000986,3.7498529954212927,24.090154708297177,24.788759766947543,direct,eucm,ego不带tof,45,right_hand,0.0,736
0.9677751064300537,12.509901000001264,-19.480531538254922,82.44568746156835,88.16539547182818,direct,eucm,ego不带tof,46,left_hand,0.0,751
0.9856746792793274,12.509901000001264,4.10536531020125,23.672164817412636,24.9867402158997,direct,eucm,ego不带tof,46,right_hand,0.0,751
0.9670445322990417,12.759783999999854,-17.22892280355893,80.4390279663753,85.82658445983753,direct,eucm,ego不带tof,47,left_hand,0.0,766
0.9836950898170471,12.759783999999854,2.344342195010313,23.857977895873546,25.2525827893632,direct,eucm,ego不带tof,47,right_hand,0.0,766
0.9643855690956116,13.009652000000642,-17.302041604030194,76.56206096089079,81.76826735238417,direct,eucm,ego不带tof,48,left_hand,0.0,781
0.972465991973877,13.009652000000642,4.07822338086271,23.108950315929746,23.778041575694697,direct,eucm,ego不带tof,48,right_hand,0.0,781
0.9504839777946472,13.259533000000374,-14.415705813119189,75.37690168316328,80.32752390394255,direct,eucm,ego不带tof,49,left_hand,0.0,796
0.9764343500137329,13.259533000000374,3.312316955680899,25.189929480327805,25.88192252746551,direct,eucm,ego不带tof,49,right_hand,0.0,796
0.950554609298706,13.509409000000232,-13.808378913830097,75.841439602214,80.7885748988934,direct,eucm,ego不带tof,50,left_hand,0.0,811
0.9903824925422668,13.509409000000232,3.111014578418235,14.047471483734057,14.590395069048089,direct,eucm,ego不带tof,50,right_hand,0.0,811
0.9668964743614197,13.759328000000096,-16.212518572668955,73.94893697635848,79.1408687348662,direct,eucm,ego不带tof,51,left_hand,0.0,826
0.976258397102356,13.759328000000096,3.398664598051141,-7.002956291335636,16.935714531019794,direct,eucm,ego不带tof,51,right_hand,0.0,826
0.9670396447181702,14.009157000000414,-15.224811943150371,72.69504320788326,77.83275566193058,direct,eucm,ego不带tof,52,left_hand,0.0,841
0.9799683690071106,14.009157000000414,5.415578012656852,-23.414182278509656,24.03232025798691,direct,eucm,ego不带tof,52,right_hand,0.0,841
0.9602237343788147,14.259038000000146,-11.779611473465934,70.1046212818651,75.0938896538186,direct,eucm,ego不带tof,53,left_hand,0.0,856
0.9707745313644409,14.259038000000146,5.234970749353124,-25.57312857514819,27.916682931024827,direct,eucm,ego不带tof,53,right_hand,0.0,856
0.957150936126709,14.508916000000681,-14.034048842640345,69.6176648412279,74.95109969302806,direct,eucm,ego不带tof,54,left_hand,0.0,871
0.9815106987953186,14.508916000000681,6.920104813447097,-18.25068901377449,20.5511235048682,direct,eucm,ego不带tof,54,right_hand,0.0,871
0.9671152830123901,14.758789999999863,-13.965488516984067,66.56334741469095,72.28188768230822,direct,eucm,ego不带tof,55,left_hand,0.0,886
0.9771459102630615,15.008648000000903,-13.870448950383718,65.47018150488259,70.6703292450855,direct,eucm,ego不带tof,56,left_hand,0.0,901
0.952790379524231,15.258490000000165,-13.608956328502757,65.24640096737971,71.41270716961392,direct,eucm,ego不带tof,57,left_hand,0.0,916
0.9582735300064087,15.50839199999973,-14.413818743748436,67.0724012412602,73.38732145641673,direct,eucm,ego不带tof,58,left_hand,0.0,931
0.9728660583496094,15.758240999999543,-16.511381774869164,70.58459971064815,77.1235428255105,direct,eucm,ego不带tof,59,left_hand,0.0,946
0.9729419946670532,16.008096999999907,-15.65750977245284,72.72193950787153,79.38287255508703,direct,eucm,ego不带tof,60,left_hand,0.0,961
0.978851854801178,16.257940999999846,-13.918884247337132,76.1987497453058,82.95588069074135,direct,eucm,ego不带tof,61,left_hand,0.0,976
0.9772488474845886,16.507848999999624,-16.81085302088843,79.3784297155737,85.86737584036219,direct,eucm,ego不带tof,62,left_hand,0.0,991
0.9804502725601196,16.75770999999986,-16.608778575552606,78.23672717802901,84.54047722795023,direct,eucm,ego不带tof,63,left_hand,0.0,1006
0.9800467491149902,17.00760100000116,-17.158700067415566,77.39740228456844,83.54942397525544,direct,eucm,ego不带tof,64,left_hand,0.0,1021
0.9741369485855103,17.25746000000072,-17.273195407756248,77.9824725998792,83.54692412730962,direct,eucm,ego不带tof,65,left_hand,0.0,1036
0.9692403078079224,17.50731100000121,-16.71280079288141,71.07939050449966,76.73921047575067,direct,eucm,ego不带tof,66,left_hand,0.0,1051
0.971397876739502,17.75716300000022,-16.12067888264727,70.57994175370436,76.38787772700364,direct,eucm,ego不带tof,67,left_hand,0.0,1066
0.971628725528717,17.75716300000022,1.6744721489349104,-42.63097477533165,43.738337255509386,direct,eucm,ego不带tof,67,right_hand,0.0,1066
0.9767546653747559,18.007007000000158,-14.886132567845948,70.9049889311076,76.53789483544931,direct,eucm,ego不带tof,68,left_hand,0.0,1081
0.9260832071304321,18.007007000000158,-1.5620834908081633,-33.58707688555876,33.66847221367015,direct,eucm,ego不带tof,68,right_hand,0.0,1081
0.9786585569381714,18.256868000000395,-15.690789657666187,68.05833627456684,73.40366518035133,direct,eucm,ego不带tof,69,left_hand,0.0,1096
0.9423098564147949,18.256868000000395,-5.61995644813112,-26.05346836495403,26.099923060973147,direct,eucm,ego不带tof,69,right_hand,0.0,1096
0.9795193076133728,18.506720000001224,-14.499699617670899,68.60646054906101,73.71157063522467,direct,eucm,ego不带tof,70,left_hand,0.0,1111
0.7874274253845215,18.506720000001224,-0.5954925320163511,-21.905312104389623,37.0903844158619,direct,eucm,ego不带tof,70,right_hand,0.0,1111
0.9757036566734314,18.756585000000996,-11.767180143442829,69.5277040039083,73.87140811561049,direct,eucm,ego不带tof,71,left_hand,0.0,1126
0.9689728617668152,19.006467999999586,-15.205263508676637,69.12521242813455,73.7959217774852,direct,eucm,ego不带tof,72,left_hand,0.0,1141
0.9694435000419617,19.256341000000248,-13.876090443231021,65.02182931000016,69.54593756401151,direct,eucm,ego不带tof,73,left_hand,0.0,1156
0.9676292538642883,19.50624500000049,-12.679654995059536,60.13295904815516,64.68054778341504,direct,eucm,ego不带tof,74,left_hand,0.0,1171
0.9698778390884399,19.50624500000049,-2.4735748720223683,-22.268528516027345,24.30718898187313,direct,eucm,ego不带tof,74,right_hand,0.0,1171
0.969969630241394,19.756106000000727,-11.798223865584077,51.52302274777503,55.44162021983049,direct,eucm,ego不带tof,75,left_hand,0.0,1186
0.9516679048538208,19.756106000000727,-8.080372737976518,-22.54117258563008,26.589378040858758,direct,eucm,ego不带tof,75,right_hand,0.0,1186
0.9780076742172241,20.005957999999737,-8.345114950537095,47.60499378382883,51.45827090507413,direct,eucm,ego不带tof,76,left_hand,0.0,1201
0.9749177098274231,20.005957999999737,3.435285560509783,-20.42490978075898,23.146821308437087,direct,eucm,ego不带tof,76,right_hand,0.0,1201
0.9785464406013489,20.255812999999762,-6.276944420318046,46.30850935139995,49.94494633260224,direct,eucm,ego不带tof,77,left_hand,0.0,1216
0.9640072584152222,20.255812999999762,4.24186532100498,-19.611059044909894,21.628611480026866,direct,eucm,ego不带tof,77,right_hand,0.0,1216
0.9797219038009644,20.50567200000114,-8.905394448694096,47.7604295446198,51.84010031661552,direct,eucm,ego不带tof,78,left_hand,0.0,1231
0.8995646834373474,20.50567200000114,-0.7379828073733279,-14.598828353694671,18.744025162203734,direct,eucm,ego不带tof,78,right_hand,0.0,1231
0.9675750732421875,20.755544999999984,-8.815569459031963,49.742486951811316,53.69173927892723,direct,eucm,ego不带tof,79,left_hand,0.0,1246
0.9742792248725891,20.755544999999984,-0.3172746404521831,-26.11711619808989,26.56676675601942,direct,eucm,ego不带tof,79,right_hand,0.0,1246
0.9684275388717651,21.005385000000388,-5.7868159235185885,52.60646154752499,56.01261270278255,direct,eucm,ego不带tof,80,left_hand,0.0,1261
0.9641879200935364,21.005385000000388,0.8499512773560127,-14.872672309984068,14.872823068736727,direct,eucm,ego不带tof,80,right_hand,0.0,1261
0.9743616580963135,21.255291999999827,-8.44813189572153,56.5523357735774,60.190217696756214,direct,eucm,ego不带tof,81,left_hand,0.0,1276
0.9620964527130127,21.255291999999827,2.297461152966889,-10.570038120039385,13.096913906468187,direct,eucm,ego不带tof,81,right_hand,0.0,1276
0.9761024117469788,21.505209000000832,-7.710250022463356,59.815826976897824,63.22686244532141,direct,eucm,ego不带tof,82,left_hand,0.0,1291
0.9629784226417542,21.505209000000832,-2.291737570690316,-9.589268649874612,13.603703224923022,direct,eucm,ego不带tof,82,right_hand,0.0,1291
0.9585679769515991,21.755073000000266,-9.012456256769553,61.17361512112427,65.44401182100174,direct,eucm,ego不带tof,83,left_hand,0.0,1306
0.9744383692741394,22.004953999999998,-10.358205216193824,65.60177526984114,70.57577880307991,direct,eucm,ego不带tof,84,left_hand,0.0,1321
0.9847663640975952,22.004953999999998,3.6523682341644417,-6.296151077625495,14.193422091752012,direct,eucm,ego不带tof,84,right_hand,0.0,1321
0.9736313819885254,22.254838000000746,-15.398034655135973,67.444862158104,72.35505869270662,direct,eucm,ego不带tof,85,left_hand,0.0,1336
0.9813405871391296,22.254838000000746,4.3744305950141325,3.4498029706890065,8.906824053789924,direct,eucm,ego不带tof,85,right_hand,0.0,1336
0.9811893701553345,22.50470200000018,-14.235007905082625,67.46463463487862,72.13345212307773,direct,eucm,ego不带tof,86,left_hand,0.0,1351
0.9832205176353455,22.50470200000018,4.351773929530282,10.50659601495397,12.263184823862336,direct,eucm,ego不带tof,86,right_hand,0.0,1351
0.9683242440223694,22.754549000001134,-14.825524569398738,67.43584415604334,72.38984937001925,direct,eucm,ego不带tof,87,left_hand,0.0,1366
0.9810724854469299,22.754549000001134,5.351815821656942,15.728040216298723,16.613644441676474,direct,eucm,ego不带tof,87,right_hand,0.0,1366
0.9664626717567444,23.004415999999765,-14.694023877281666,68.28315796437778,73.22773959432622,direct,eucm,ego不带tof,88,left_hand,0.0,1381
0.9783617854118347,23.004415999999765,5.858747829045683,19.814669927432078,21.246670022791623,direct,eucm,ego不带tof,88,right_hand,0.0,1381
0.9709153771400452,23.254289000000426,-14.448937390342621,69.42945054036079,74.52759347657516,direct,eucm,ego不带tof,89,left_hand,0.0,1396
0.9750438332557678,23.254289000000426,4.855724030141005,18.95449756915889,19.42029690789869,direct,eucm,ego不带tof,89,right_hand,0.0,1396
0.975739061832428,23.504159000000072,-15.618667360587551,67.88145775005705,72.7994970627968,direct,eucm,ego不带tof,90,left_hand,0.0,1411
0.9707809686660767,23.504159000000072,5.080437970676712,17.82684723682769,18.6660938783413,direct,eucm,ego不带tof,90,right_hand,0.0,1411
0.9720062017440796,23.75402899999972,-16.318072991199415,68.39460941889797,73.25609056000299,direct,eucm,ego不带tof,91,left_hand,0.0,1426
0.9759223461151123,23.75402899999972,5.3714640949158365,18.148863387899155,18.80397580075108,direct,eucm,ego不带tof,91,right_hand,0.0,1426
0.966107189655304,24.00390900000093,-15.23086881537995,67.59085795380042,72.48153930309942,direct,eucm,ego不带tof,92,left_hand,0.0,1441
0.9742716550827026,24.00390900000093,5.84006302591888,17.82474159611013,18.387779370621615,direct,eucm,ego不带tof,92,right_hand,0.0,1441
0.9704896211624146,24.253772000000026,-15.044706518983503,68.92724707644288,73.84823560245613,direct,eucm,ego不带tof,93,left_hand,0.0,1456
0.9721226096153259,24.253772000000026,3.7412403615855965,17.577667121020113,17.663319584710603,direct,eucm,ego不带tof,93,right_hand,0.0,1456
0.9694717526435852,24.50363500000094,-14.908032230147114,69.087611171876,74.16737432300688,direct,eucm,ego不带tof,94,left_hand,0.0,1471
0.9750064611434937,24.50363500000094,4.236112006558869,18.42815057004418,18.74590526831436,direct,eucm,ego不带tof,94,right_hand,0.0,1471
0.9747170805931091,24.753507999999783,-15.003230363893863,69.52962394773363,74.63635343391579,direct,eucm,ego不带tof,95,left_hand,0.0,1486
0.9787195920944214,24.753507999999783,4.183266328138529,17.953326451560315,18.70693749238506,direct,eucm,ego不带tof,95,right_hand,0.0,1486
0.9620320796966553,1.0160280000000057,-6.908918805247367,60.226524075994575,62.32114777420951,provided_forward,eucm,ego不带tof,0,left_hand,0.0,61
0.97738116979599,1.0160280000000057,21.692294013699893,12.545616439600963,26.28811256001441,provided_forward,eucm,ego不带tof,0,right_hand,0.0,61
0.8622627258300781,1.265863000000536,-12.362260640553131,15.568274731964948,25.307879228447174,provided_forward,eucm,ego不带tof,1,left_hand,0.0,76
0.9868857264518738,1.265863000000536,24.319125760443967,-0.1647642986218898,26.79694930801158,provided_forward,eucm,ego不带tof,1,right_hand,0.0,76
0.9195961952209473,1.5157190000008995,-4.106751664146827,-21.956443486424746,25.779536839144146,provided_forward,eucm,ego不带tof,2,left_hand,0.0,91
0.9862293004989624,1.5157190000008995,21.813950437229664,-2.0805955464911676,25.077314054197494,provided_forward,eucm,ego不带tof,2,right_hand,0.0,91
0.9643117189407349,1.7655699999995704,7.327611381441216,-32.44513312470474,32.54052424033495,provided_forward,eucm,ego不带tof,3,left_hand,0.0,106
0.9903656840324402,1.7655699999995704,19.967396235905994,-1.52258232132192,21.9839369405298,provided_forward,eucm,ego不带tof,3,right_hand,0.0,106
0.86310875415802,2.015419000001202,13.458219121724596,-27.3550301431153,29.180595782927927,provided_forward,eucm,ego不带tof,4,left_hand,0.0,121
0.9843211770057678,2.015419000001202,19.858466279658956,1.5474544540425086,21.56991027352061,provided_forward,eucm,ego不带tof,4,right_hand,0.0,121
0.5771262645721436,2.265279000001101,10.460701490471934,-5.980231565057466,18.32119268409241,provided_forward,eucm,ego不带tof,5,left_hand,0.0,136
0.9796554446220398,2.265279000001101,19.744553215149153,4.0783590944063235,24.736410363900468,provided_forward,eucm,ego不带tof,5,right_hand,0.0,136
0.8200352787971497,2.5151519999999437,10.010776755613847,-5.799174186039977,17.271548984831803,provided_forward,eucm,ego不带tof,6,left_hand,0.0,151
0.9842525124549866,2.5151519999999437,21.99180009017732,8.13803488205906,25.654037953980875,provided_forward,eucm,ego不带tof,6,right_hand,0.0,151
0.9866629242897034,2.7650090000006458,21.6953334257571,11.064712029317434,27.43765139095146,provided_forward,eucm,ego不带tof,7,right_hand,0.0,166
0.9796062707901001,3.014870000000883,21.980827047392836,8.071675345675771,26.27244303759332,provided_forward,eucm,ego不带tof,8,right_hand,0.0,181
0.9883629083633423,3.2647460000007413,21.362157897441307,5.425242202837808,25.043076031736508,provided_forward,eucm,ego不带tof,9,right_hand,0.0,196
0.9935052990913391,3.5146899999999732,20.33082509842552,4.0031495434751605,24.37425036464474,provided_forward,eucm,ego不带tof,10,right_hand,0.0,211
0.995847761631012,4.014427000000069,21.453553664598758,6.441527491898114,26.497451668207574,provided_forward,eucm,ego不带tof,12,right_hand,0.0,241
0.9923847913742065,4.264295000000857,20.692347312474453,7.600666698501755,26.150569784757415,provided_forward,eucm,ego不带tof,13,right_hand,0.0,256
0.7793506383895874,4.514199000001099,-7.554885464021254,-13.699061600402729,17.203680911869096,provided_forward,eucm,ego不带tof,14,left_hand,0.0,271
0.9937449097633362,4.514199000001099,21.126483341209223,7.8604326014810795,26.76150907891877,provided_forward,eucm,ego不带tof,14,right_hand,0.0,271
0.7193935513496399,4.764057000000321,-4.25011539948423,-23.244230267499688,28.413575060012388,provided_forward,eucm,ego不带tof,15,left_hand,0.0,286
0.9894606471061707,4.764057000000321,21.676577873272663,6.6548330310901065,25.98701096637954,provided_forward,eucm,ego不带tof,15,right_hand,0.0,286
0.7161141037940979,5.013923000000432,-5.193627934305823,-29.552305403633795,34.340764376169346,provided_forward,eucm,ego不带tof,16,left_hand,0.0,301
0.9887954592704773,5.013923000000432,24.290987253654862,4.456244757502077,25.82207817790858,provided_forward,eucm,ego不带tof,16,right_hand,0.0,301
0.5247360467910767,5.26379100000122,-7.146843449125697,-20.14125671375325,25.086090235438412,provided_forward,eucm,ego不带tof,17,left_hand,0.0,316
0.9846702814102173,5.26379100000122,23.23867241659582,5.637335171497853,25.4912855959055,provided_forward,eucm,ego不带tof,17,right_hand,0.0,316
0.6304959058761597,5.513660000000527,-1.4235626045551726,-10.845459563893087,17.210763924915515,provided_forward,eucm,ego不带tof,18,left_hand,0.0,331
0.9844402074813843,5.513660000000527,24.45290856110853,4.507010717005528,25.910782426215064,provided_forward,eucm,ego不带tof,18,right_hand,0.0,331
0.5247448086738586,5.763521000000765,0.23805463547603267,2.0850500788013733,8.458432018203164,provided_forward,eucm,ego不带tof,19,left_hand,0.0,346
0.9875265955924988,5.763521000000765,24.52395350177835,6.170043409616483,28.021247277280004,provided_forward,eucm,ego不带tof,19,right_hand,0.0,346
0.8615628480911255,6.01338399999986,-6.618259174634659,5.814313702462982,11.499530672734824,provided_forward,eucm,ego不带tof,20,left_hand,0.0,361
0.9867231845855713,6.01338399999986,24.36022584169359,6.737036633891421,27.01337878569782,provided_forward,eucm,ego不带tof,20,right_hand,0.0,361
0.9861642122268677,6.26327400000082,26.204005698813262,8.505162801407323,28.424844164073747,provided_forward,eucm,ego不带tof,21,right_hand,0.0,376
0.9876024723052979,6.5131190000010974,23.266877722726576,5.93717839656756,25.292123896469647,provided_forward,eucm,ego不带tof,22,right_hand,0.0,391
0.98420649766922,6.7629890000007435,23.214707108889343,5.0529026746971795,26.43390427037885,provided_forward,eucm,ego不带tof,23,right_hand,0.0,406
0.9864694476127625,7.012872000001153,21.04064493944884,-1.1461448283915843,26.313830767517853,provided_forward,eucm,ego不带tof,24,right_hand,0.0,421
0.9096047282218933,7.262729000000036,6.553135843395864,-15.75373440125395,17.595362272615706,provided_forward,eucm,ego不带tof,25,left_hand,0.0,436
0.9887590408325195,7.262729000000036,19.98388283315751,-5.194048355892733,23.77989247281959,provided_forward,eucm,ego不带tof,25,right_hand,0.0,436
0.9877358675003052,7.512587999999596,21.235798027999067,-2.0086252644326805,24.93908432482038,provided_forward,eucm,ego不带tof,26,right_hand,0.0,451
0.8995147943496704,7.762459999999919,16.29691758364055,-18.896970419614945,34.68905511780122,provided_forward,eucm,ego不带tof,27,left_hand,0.0,466
0.9884617924690247,7.762459999999919,20.323244276836476,0.10430143200278508,22.53217588045845,provided_forward,eucm,ego不带tof,27,right_hand,0.0,466
0.8593775033950806,8.012321000000156,10.459693920728569,-24.703263066621844,26.15791090181382,provided_forward,eucm,ego不带tof,28,left_hand,0.0,481
0.9857780933380127,8.012321000000156,20.837185946900604,2.3584120841364893,22.572771638947287,provided_forward,eucm,ego不带tof,28,right_hand,0.0,481
0.9534967541694641,8.26221600000099,12.37967735444522,-23.026170120411393,27.893677217159297,provided_forward,eucm,ego不带tof,29,left_hand,0.0,496
0.9872820377349854,8.26221600000099,19.579232146737354,2.902608847343572,23.156797020004593,provided_forward,eucm,ego不带tof,29,right_hand,0.0,496
0.9583837389945984,8.512097000000722,7.848352495261338,-20.513543033900987,22.700901283435194,provided_forward,eucm,ego不带tof,30,left_hand,0.0,511
0.9829189777374268,8.512097000000722,20.33918797407682,3.137244785539565,23.80330702586553,provided_forward,eucm,ego不带tof,30,right_hand,0.0,511
0.823424220085144,8.76195700000062,10.414833386849295,-13.005617372377174,17.55858905038058,provided_forward,eucm,ego不带tof,31,left_hand,0.0,526
0.988023042678833,8.76195700000062,19.974016157061442,3.364518484884229,24.66345918728466,provided_forward,eucm,ego不带tof,31,right_hand,0.0,526
0.9174787998199463,9.01182499999959,3.302881774211187,-13.083612131749646,15.46984443194086,provided_forward,eucm,ego不带tof,32,left_hand,0.0,541
0.9903664588928223,9.01182499999959,20.095083178798518,3.291569202439973,24.134354286152043,provided_forward,eucm,ego不带tof,32,right_hand,0.0,541
0.9366922378540039,9.261709000000337,1.1857399321834805,-10.944629984724656,18.819364656399145,provided_forward,eucm,ego不带tof,33,left_hand,0.0,556
0.992450475692749,9.261709000000337,21.922295712878395,3.1929814398805547,24.108081745957655,provided_forward,eucm,ego不带tof,33,right_hand,0.0,556
0.8390963077545166,9.511540000001332,3.3127181109827575,-10.977413872299053,15.320915898758773,provided_forward,eucm,ego不带tof,34,left_hand,0.0,571
0.9901911020278931,9.511540000001332,19.24757155066243,4.802468757210249,24.73308319169976,provided_forward,eucm,ego不带tof,34,right_hand,0.0,571
0.8484763503074646,9.761405999999624,3.7593987398656736,-6.9214653092500384,15.82509024517904,provided_forward,eucm,ego不带tof,35,left_hand,0.0,586
0.9911224842071533,9.761405999999624,21.07090969873218,4.45265616616814,24.527461022677834,provided_forward,eucm,ego不带tof,35,right_hand,0.0,586
0.9052445292472839,10.011264000000665,5.233299867478991,-5.553110701288347,15.705739735079542,provided_forward,eucm,ego不带tof,36,left_hand,0.0,601
0.9852791428565979,10.011264000000665,21.25780363276283,7.367143059721229,26.977347916252757,provided_forward,eucm,ego不带tof,36,right_hand,0.0,601
0.8451200723648071,10.261145000000397,-0.26933591881697794,-6.8726488029483335,16.879128856019488,provided_forward,eucm,ego不带tof,37,left_hand,0.0,616
0.9813354015350342,10.261145000000397,22.888016551010992,9.611208525073835,27.382461255909053,provided_forward,eucm,ego不带tof,37,right_hand,0.0,616
0.8631210923194885,10.511037000000215,-1.2461030616866537,1.9592652996288962,15.974779410681213,provided_forward,eucm,ego不带tof,38,left_hand,0.0,631
0.9883250594139099,10.511037000000215,21.333730254650504,12.137487397589666,26.557526743904436,provided_forward,eucm,ego不带tof,38,right_hand,0.0,631
0.8944457769393921,10.760866000000533,-11.120623932169224,23.824247377718734,31.84413224637478,provided_forward,eucm,ego不带tof,39,left_hand,0.0,646
0.9838314652442932,10.760866000000533,21.65711518291903,14.175702092048368,26.548963289272997,provided_forward,eucm,ego不带tof,39,right_hand,0.0,646
0.9323998689651489,11.010725000000093,-10.853707114006852,48.54802011832089,52.999695320415576,provided_forward,eucm,ego不带tof,40,left_hand,0.0,661
0.9856969118118286,11.010725000000093,21.107645977832476,11.683555287447689,27.370487161046626,provided_forward,eucm,ego不带tof,40,right_hand,0.0,661
0.943682074546814,11.260605000001306,-9.123241298434891,63.412649747748446,66.37883442371049,provided_forward,eucm,ego不带tof,41,left_hand,0.0,676
0.9903724193572998,11.260605000001306,19.83632460856313,10.020644240111324,26.448949691476102,provided_forward,eucm,ego不带tof,41,right_hand,0.0,676
0.9048742055892944,11.51044499999989,-11.360190258603097,76.74288580070504,80.82954374560197,provided_forward,eucm,ego不带tof,42,left_hand,0.0,691
0.9808254837989807,11.51044499999989,20.302020420749272,9.797928229070749,26.769173136211556,provided_forward,eucm,ego不带tof,42,right_hand,0.0,691
0.9348177909851074,11.760308000000805,-13.886389222999412,76.4514779311753,80.17871608309038,provided_forward,eucm,ego不带tof,43,left_hand,0.0,706
0.9716485142707825,11.760308000000805,20.648030739850583,8.138184002531375,24.949713169784616,provided_forward,eucm,ego不带tof,43,right_hand,0.0,706
0.9460092782974243,12.010174000000916,-13.384534038640368,76.66881923570838,80.77107854403388,provided_forward,eucm,ego不带tof,44,left_hand,0.0,721
0.9781802892684937,12.010174000000916,21.34997778540003,8.879678925584471,26.36296921269799,provided_forward,eucm,ego不带tof,44,right_hand,0.0,721
0.9465209245681763,12.260056000000986,-11.936521551506644,75.96846574927713,79.63056924842165,provided_forward,eucm,ego不带tof,45,left_hand,0.0,736
0.9689206480979919,12.260056000000986,20.52851538198945,10.449043325381126,28.020131373593756,provided_forward,eucm,ego不带tof,45,right_hand,0.0,736
0.9677751064300537,12.509901000001264,-10.576055686483585,75.8238218900849,79.32009515281666,provided_forward,eucm,ego不带tof,46,left_hand,0.0,751
0.9856746792793274,12.509901000001264,23.186673669115407,9.8800941954147,27.464231901214546,provided_forward,eucm,ego不带tof,46,right_hand,0.0,751
0.9670445322990417,12.759783999999854,-8.1239173375385,73.63451835759463,76.78399971180859,provided_forward,eucm,ego不带tof,47,left_hand,0.0,766
0.9836950898170471,12.759783999999854,23.755188036871346,9.459870181588599,25.969340543919795,provided_forward,eucm,ego不带tof,47,right_hand,0.0,766
0.9643855690956116,13.009652000000642,-8.249321682960158,69.70076528422169,72.6729368371267,provided_forward,eucm,ego不带tof,48,left_hand,0.0,781
0.972465991973877,13.009652000000642,23.58430618676357,9.09589299650213,25.93295078082913,provided_forward,eucm,ego不带tof,48,right_hand,0.0,781
0.9504839777946472,13.259533000000374,-5.814538756387947,68.39380916437665,71.09218026018186,provided_forward,eucm,ego不带tof,49,left_hand,0.0,796
0.9764343500137329,13.259533000000374,20.532691412666964,12.013065694506508,25.194013544167227,provided_forward,eucm,ego不带tof,49,right_hand,0.0,796
0.950554609298706,13.509409000000232,-5.246824278341364,68.85824637736278,71.57433250388137,provided_forward,eucm,ego不带tof,50,left_hand,0.0,811
0.9903824925422668,13.509409000000232,20.64512637523967,-0.052712684583525515,25.724355690204835,provided_forward,eucm,ego不带tof,50,right_hand,0.0,811
0.9668964743614197,13.759328000000096,-7.01194074663124,66.9696985125504,69.90352289501628,provided_forward,eucm,ego不带tof,51,left_hand,0.0,826
0.976258397102356,13.759328000000096,20.786001858857617,-22.043505942367005,30.71924552710868,provided_forward,eucm,ego不带tof,51,right_hand,0.0,826
0.9670396447181702,14.009157000000414,-6.021588342422319,65.65449988113369,68.54080186078603,provided_forward,eucm,ego不带tof,52,left_hand,0.0,841
0.9799683690071106,14.009157000000414,20.991974916763866,-38.445944917980796,43.838824929627464,provided_forward,eucm,ego不带tof,52,right_hand,0.0,841
0.9602237343788147,14.259038000000146,-2.6905555591594066,62.62836365066687,65.26748723767639,provided_forward,eucm,ego不带tof,53,left_hand,0.0,856
0.9707745313644409,14.259038000000146,23.52523441416338,-41.863638778459176,47.35560076279296,provided_forward,eucm,ego不带tof,53,right_hand,0.0,856
0.957150936126709,14.508916000000681,-4.731166259961469,62.23301034221083,65.2126499996101,provided_forward,eucm,ego不带tof,54,left_hand,0.0,871
0.9815106987953186,14.508916000000681,20.352540831452984,-31.9657491285235,38.49713129436045,provided_forward,eucm,ego不带tof,54,right_hand,0.0,871
0.9671152830123901,14.758789999999863,-4.717331524261965,59.148325164885364,62.444625856572834,provided_forward,eucm,ego不带tof,55,left_hand,0.0,886
0.9771459102630615,15.008648000000903,-4.577224657339343,58.00673278561169,60.88856904764726,provided_forward,eucm,ego不带tof,56,left_hand,0.0,901
0.952790379524231,15.258490000000165,-4.577021164574035,57.86406970834264,61.59725186955642,provided_forward,eucm,ego不带tof,57,left_hand,0.0,916
0.9582735300064087,15.50839199999973,-5.192212258946654,59.67927723143737,63.52071668844478,provided_forward,eucm,ego不带tof,58,left_hand,0.0,931
0.9728660583496094,15.758240999999543,-7.547697697290516,63.229442194601575,67.26544127253288,provided_forward,eucm,ego不带tof,59,left_hand,0.0,946
0.9729419946670532,16.008096999999907,-6.049043819285998,65.40214500673983,69.4513370203004,provided_forward,eucm,ego不带tof,60,left_hand,0.0,961
0.978851854801178,16.257940999999846,-3.917682886164471,68.87150059062492,72.94118318161804,provided_forward,eucm,ego不带tof,61,left_hand,0.0,976
0.9772488474845886,16.507848999999624,-6.863315914589293,72.14469194867115,76.02778329936899,provided_forward,eucm,ego不带tof,62,left_hand,0.0,991
0.9804502725601196,16.75770999999986,-6.900463602109028,71.05360044518693,74.80106466770737,provided_forward,eucm,ego不带tof,63,left_hand,0.0,1006
0.9800467491149902,17.00760100000116,-7.956285134172958,70.37297992213075,74.06612936539351,provided_forward,eucm,ego不带tof,64,left_hand,0.0,1021
0.9741369485855103,17.25746000000072,-8.50262694573155,71.06624812372218,74.38567563822296,provided_forward,eucm,ego不带tof,65,left_hand,0.0,1036
0.9692403078079224,17.50731100000121,-8.331202873693258,64.13231414391589,67.5526471085239,provided_forward,eucm,ego不带tof,66,left_hand,0.0,1051
0.971397876739502,17.75716300000022,-7.304637411421595,63.51072957682072,67.0343859009014,provided_forward,eucm,ego不带tof,67,left_hand,0.0,1066
0.971628725528717,17.75716300000022,14.076593911863824,-56.37764944154742,59.22229446182245,provided_forward,eucm,ego不带tof,67,right_hand,0.0,1066
0.9767546653747559,18.007007000000158,-6.051904578226299,63.846971605664066,67.21212694026462,provided_forward,eucm,ego不带tof,68,left_hand,0.0,1081
0.9260832071304321,18.007007000000158,10.49710816841241,-47.13829243430041,47.70950694927498,provided_forward,eucm,ego不带tof,68,right_hand,0.0,1081
0.9786585569381714,18.256868000000395,-6.724087805304464,60.90584663190293,63.97218683087195,provided_forward,eucm,ego不带tof,69,left_hand,0.0,1096
0.9423098564147949,18.256868000000395,6.761701232590212,-38.48001245702778,41.078205805022,provided_forward,eucm,ego不带tof,69,right_hand,0.0,1096
0.9795193076133728,18.506720000001224,-5.491483817223127,61.37986216761942,64.2249379176498,provided_forward,eucm,ego不带tof,70,left_hand,0.0,1111
0.7874274253845215,18.506720000001224,12.44854842808752,-35.03188562437401,39.659551978367006,provided_forward,eucm,ego不带tof,70,right_hand,0.0,1111
0.9757036566734314,18.756585000000996,-3.0999774105748656,62.18307999561887,64.36921231855145,provided_forward,eucm,ego不带tof,71,left_hand,0.0,1126
0.9689728617668152,19.006467999999586,-6.286807431667171,62.08860957674597,64.61126174319119,provided_forward,eucm,ego不带tof,72,left_hand,0.0,1141
0.9694435000419617,19.256341000000248,-4.659874509804979,57.59375188901868,59.90542655431783,provided_forward,eucm,ego不带tof,73,left_hand,0.0,1156
0.9676292538642883,19.50624500000049,-3.4649239731212447,52.35191875538635,54.59251670692703,provided_forward,eucm,ego不带tof,74,left_hand,0.0,1171
0.9698778390884399,19.50624500000049,11.814885928563285,-36.175122618604064,37.10787969895367,provided_forward,eucm,ego不带tof,74,right_hand,0.0,1171
0.969969630241394,19.756106000000727,-2.394631947577466,43.10174756558456,44.82488659379744,provided_forward,eucm,ego不带tof,75,left_hand,0.0,1186
0.9516679048538208,19.756106000000727,3.1532836220069385,-35.317028280229806,35.802336808728676,provided_forward,eucm,ego不带tof,75,right_hand,0.0,1186
0.9780076742172241,20.005957999999737,1.6980121183085544,38.8496850016769,40.22163634903598,provided_forward,eucm,ego不带tof,76,left_hand,0.0,1201
0.9749177098274231,20.005957999999737,16.380204156129025,-33.15265455557369,36.83085994339879,provided_forward,eucm,ego不带tof,76,right_hand,0.0,1201
0.9785464406013489,20.255812999999762,3.8787811738978917,37.4352343157193,38.6146221274559,provided_forward,eucm,ego不带tof,77,left_hand,0.0,1216
0.9640072584152222,20.255812999999762,16.206307610711406,-32.606452580634254,37.371922443158994,provided_forward,eucm,ego不带tof,77,right_hand,0.0,1216
0.9797219038009644,20.50567200000114,1.2839376034368115,38.88933756811798,40.39462342114214,provided_forward,eucm,ego不带tof,78,left_hand,0.0,1231
0.8995646834373474,20.50567200000114,11.591874473817597,-28.069735969785143,33.971691251672645,provided_forward,eucm,ego不带tof,78,right_hand,0.0,1231
0.9675750732421875,20.755544999999984,1.005087682393139,41.24520969919968,42.77086558888822,provided_forward,eucm,ego不带tof,79,left_hand,0.0,1246
0.9742792248725891,20.755544999999984,11.691116509613948,-39.1484146573456,40.93071134297796,provided_forward,eucm,ego不带tof,79,right_hand,0.0,1246
0.9684275388717651,21.005385000000388,3.733407401431805,44.15289205785291,45.31273875645362,provided_forward,eucm,ego不带tof,80,left_hand,0.0,1261
0.9641879200935364,21.005385000000388,13.625136115134296,-28.3977395407735,31.54316194934543,provided_forward,eucm,ego不带tof,80,right_hand,0.0,1261
0.9743616580963135,21.255291999999827,1.6156095454641672,48.32756873970118,49.68884118561314,provided_forward,eucm,ego不带tof,81,left_hand,0.0,1276
0.9620964527130127,21.255291999999827,15.505091762413258,-23.939809568433134,28.186539674205378,provided_forward,eucm,ego不带tof,81,right_hand,0.0,1276
0.9761024117469788,21.505209000000832,2.1692751963304318,51.881577167107025,53.168345639573786,provided_forward,eucm,ego不带tof,82,left_hand,0.0,1291
0.9629784226417542,21.505209000000832,13.276359695239762,-24.44432391752207,29.12192917135973,provided_forward,eucm,ego不带tof,82,right_hand,0.0,1291
0.9585679769515991,21.755073000000266,0.08499314010532544,53.43443478639119,55.3777059170843,provided_forward,eucm,ego不带tof,83,left_hand,0.0,1306
0.9744383692741394,22.004953999999998,-1.723318344650579,58.202003854393865,60.827287557017804,provided_forward,eucm,ego不带tof,84,left_hand,0.0,1321
0.9847663640975952,22.004953999999998,18.82366372380352,-20.371195537597828,30.29492349007625,provided_forward,eucm,ego不带tof,84,right_hand,0.0,1321
0.9736313819885254,22.254838000000746,-6.365780132278132,60.250556346277676,62.93550283407037,provided_forward,eucm,ego不带tof,85,left_hand,0.0,1336
0.9813405871391296,22.254838000000746,20.841589082509017,-10.99964913953886,26.630322908922864,provided_forward,eucm,ego不带tof,85,right_hand,0.0,1336
0.9811893701553345,22.50470200000018,-5.661873470015621,60.26723716466336,62.78686337866992,provided_forward,eucm,ego不带tof,86,left_hand,0.0,1351
0.9832205176353455,22.50470200000018,23.229541051171736,-4.5975976823698375,25.649925842957987,provided_forward,eucm,ego不带tof,86,right_hand,0.0,1351
0.9683242440223694,22.754549000001134,-6.107288768907665,60.16055402619725,62.877364033877974,provided_forward,eucm,ego不带tof,87,left_hand,0.0,1366
0.9810724854469299,22.754549000001134,22.914112428584986,1.622414898204397,25.895436309452766,provided_forward,eucm,ego不带tof,87,right_hand,0.0,1366
0.9664626717567444,23.004415999999765,-6.055144374363977,61.0690744090798,63.80213090986471,provided_forward,eucm,ego不带tof,88,left_hand,0.0,1381
0.9783617854118347,23.004415999999765,21.900224591725532,6.5036035395208955,24.45054751858246,provided_forward,eucm,ego不带tof,88,right_hand,0.0,1381
0.9709153771400452,23.254289000000426,-5.869922763475131,62.27183913239844,65.15538926960696,provided_forward,eucm,ego不带tof,89,left_hand,0.0,1396
0.9750438332557678,23.254289000000426,22.44561326164842,4.923043415227426,26.1485865612683,provided_forward,eucm,ego不带tof,89,right_hand,0.0,1396
0.975739061832428,23.504159000000072,-7.119011184734404,60.73934184458153,63.485482500288065,provided_forward,eucm,ego不带tof,90,left_hand,0.0,1411
0.9707809686660767,23.504159000000072,22.218241142695206,3.993058410971571,24.8898762319136,provided_forward,eucm,ego不带tof,90,right_hand,0.0,1411
0.9720062017440796,23.75402899999972,-7.8001750323751935,61.237948827291575,63.93280375623607,provided_forward,eucm,ego不带tof,91,left_hand,0.0,1426
0.9759223461151123,23.75402899999972,23.93460585355365,4.195469990833658,27.158231490547458,provided_forward,eucm,ego不带tof,91,right_hand,0.0,1426
0.966107189655304,24.00390900000093,-6.796251967438479,60.457239759905974,63.19452965874014,provided_forward,eucm,ego不带tof,92,left_hand,0.0,1441
0.9742716550827026,24.00390900000093,23.621517284148922,3.3356687622263053,25.85193772598248,provided_forward,eucm,ego不带tof,92,right_hand,0.0,1441
0.9704896211624146,24.253772000000026,-6.589033771699917,61.76646800619574,64.53611238404237,provided_forward,eucm,ego不带tof,93,left_hand,0.0,1456
0.9721226096153259,24.253772000000026,22.731611081052506,3.091998570074338,24.802223621343465,provided_forward,eucm,ego不带tof,93,right_hand,0.0,1456
0.9694717526435852,24.50363500000094,-6.5550005637801405,61.982799815938165,64.90807920904061,provided_forward,eucm,ego不带tof,94,left_hand,0.0,1471
0.9750064611434937,24.50363500000094,23.467608343951383,3.6259247594312,25.938616566835577,provided_forward,eucm,ego不带tof,94,right_hand,0.0,1471
0.9747170805931091,24.753507999999783,-6.578886741666452,62.39222051846161,65.32492763403863,provided_forward,eucm,ego不带tof,95,left_hand,0.0,1486
0.9787195920944214,24.753507999999783,23.99012786045637,3.346268830699728,25.73648821607991,provided_forward,eucm,ego不带tof,95,right_hand,0.0,1486
0.9620320796966553,1.0160280000000057,-24.649348341323957,75.576722322563,81.98765809350434,provided_inverse,eucm,ego不带tof,0,left_hand,0.0,61
0.97738116979599,1.0160280000000057,-11.682978840336204,39.652559265365085,41.81291763109471,provided_inverse,eucm,ego不带tof,0,right_hand,0.0,61
0.8622627258300781,1.265863000000536,-24.842668635581276,33.4006943053987,46.35958544839699,provided_inverse,eucm,ego不带tof,1,left_hand,0.0,76
0.9868857264518738,1.265863000000536,-13.953467269533803,29.40373338254483,36.523637365296665,provided_inverse,eucm,ego不带tof,1,right_hand,0.0,76
0.9195961952209473,1.5157190000008995,-19.520587963721482,-0.7355003743609814,23.49746267965255,provided_inverse,eucm,ego不带tof,2,left_hand,0.0,91
0.9862293004989624,1.5157190000008995,-14.839204367544653,27.54676164642001,31.973301264019824,provided_inverse,eucm,ego不带tof,2,right_hand,0.0,91
0.9643117189407349,1.7655699999995704,-11.981288179160856,-7.776582745191149,18.20153349156966,provided_inverse,eucm,ego不带tof,3,left_hand,0.0,106
0.9903656840324402,1.7655699999995704,-15.960574533329236,27.385512642882873,32.831559388243285,provided_inverse,eucm,ego不带tof,3,right_hand,0.0,106
0.86310875415802,2.015419000001202,-7.359261556539877,-1.9931606178357697,16.577992998893368,provided_inverse,eucm,ego不带tof,4,left_hand,0.0,121
0.9843211770057678,2.015419000001202,-16.957196883143297,30.198476602089272,35.91466440156951,provided_inverse,eucm,ego不带tof,4,right_hand,0.0,121
0.5771262645721436,2.265279000001101,-8.773252650741256,15.76618948385817,20.84612659732018,provided_inverse,eucm,ego不带tof,5,left_hand,0.0,136
0.9796554446220398,2.265279000001101,-18.247690735784204,32.674269333157895,38.62298780894891,provided_inverse,eucm,ego不带tof,5,right_hand,0.0,136
0.8200352787971497,2.5151519999999437,-9.298335721723333,15.387610691065106,18.854328824781657,provided_inverse,eucm,ego不带tof,6,left_hand,0.0,151
0.9842525124549866,2.5151519999999437,-15.196072275047413,36.92168805341362,40.43883746258526,provided_inverse,eucm,ego不带tof,6,right_hand,0.0,151
0.9866629242897034,2.7650090000006458,-14.775859787042464,39.10968404254152,41.439889866006816,provided_inverse,eucm,ego不带tof,7,right_hand,0.0,166
0.9796062707901001,3.014870000000883,-13.302933354599077,36.10146821539786,39.844030060132326,provided_inverse,eucm,ego不带tof,8,right_hand,0.0,181
0.9883629083633423,3.2647460000007413,-14.622201243831455,34.317959217366706,38.30563545574349,provided_inverse,eucm,ego不带tof,9,right_hand,0.0,196
0.9935052990913391,3.5146899999999732,-14.568114058471451,32.666329161241606,36.1991605715637,provided_inverse,eucm,ego不带tof,10,right_hand,0.0,211
0.995847761631012,4.014427000000069,-16.37921822405815,35.60767443245254,39.86860813098827,provided_inverse,eucm,ego不带tof,12,right_hand,0.0,241
0.9923847913742065,4.264295000000857,-16.953129312153692,37.363244751777415,39.878789106140374,provided_inverse,eucm,ego不带tof,13,right_hand,0.0,256
0.7793506383895874,4.514199000001099,-22.167820742976346,7.820348852508118,28.649015221886533,provided_inverse,eucm,ego不带tof,14,left_hand,0.0,271
0.9937449097633362,4.514199000001099,-16.133610114254452,37.28446766107834,39.49933226786221,provided_inverse,eucm,ego不带tof,14,right_hand,0.0,271
0.7193935513496399,4.764057000000321,-17.594093522093715,-2.8429378870539495,19.418481982877598,provided_inverse,eucm,ego不带tof,15,left_hand,0.0,286
0.9894606471061707,4.764057000000321,-14.001187656090224,35.68777842260454,39.13193053477287,provided_inverse,eucm,ego不带tof,15,right_hand,0.0,286
0.7161141037940979,5.013923000000432,-18.333531977930875,-8.385065861462863,25.49905876913998,provided_inverse,eucm,ego不带tof,16,left_hand,0.0,301
0.9887954592704773,5.013923000000432,-14.615134135716062,33.35541010153315,38.35891343326522,provided_inverse,eucm,ego不带tof,16,right_hand,0.0,301
0.5247360467910767,5.26379100000122,-19.916451413566165,-0.19042784819146163,23.740421033246452,provided_inverse,eucm,ego不带tof,17,left_hand,0.0,316
0.9846702814102173,5.26379100000122,-15.140417087774495,35.81501566688223,40.59768519047556,provided_inverse,eucm,ego不带tof,17,right_hand,0.0,316
0.6304959058761597,5.513660000000527,-14.416769937798904,8.803341121754329,19.961677750113104,provided_inverse,eucm,ego不带tof,18,left_hand,0.0,331
0.9844402074813843,5.513660000000527,-15.59894448469754,34.0484659659287,40.54334212224352,provided_inverse,eucm,ego不带tof,18,right_hand,0.0,331
0.5247448086738586,5.763521000000765,-12.130929434956215,18.638097440300953,24.41581565127032,provided_inverse,eucm,ego不带tof,19,left_hand,0.0,346
0.9875265955924988,5.763521000000765,-16.33804615485542,36.767379982739044,40.88934854398002,provided_inverse,eucm,ego不带tof,19,right_hand,0.0,346
0.8615628480911255,6.01338399999986,-17.53307564363314,20.304374231699967,27.511011380639186,provided_inverse,eucm,ego不带tof,20,left_hand,0.0,361
0.9867231845855713,6.01338399999986,-14.809273623372292,36.06600886689614,39.155346051961374,provided_inverse,eucm,ego不带tof,20,right_hand,0.0,361
0.9861642122268677,6.26327400000082,-13.095073705646769,38.1331569995499,40.03004826824658,provided_inverse,eucm,ego不带tof,21,right_hand,0.0,376
0.9876024723052979,6.5131190000010974,-15.091508081992174,35.07212034607164,39.26818219199698,provided_inverse,eucm,ego不带tof,22,right_hand,0.0,391
0.98420649766922,6.7629890000007435,-12.79786734830077,33.84679688487722,37.15300292249425,provided_inverse,eucm,ego不带tof,23,right_hand,0.0,406
0.9864694476127625,7.012872000001153,-13.56531431694782,27.467721602244637,34.78616596032804,provided_inverse,eucm,ego不带tof,24,right_hand,0.0,421
0.9096047282218933,7.262729000000036,-5.036025901292078,0.23640303855574984,11.017642622689843,provided_inverse,eucm,ego不带tof,25,left_hand,0.0,436
0.9887590408325195,7.262729000000036,-16.89864926838618,24.056881216496777,33.22230482889695,provided_inverse,eucm,ego不带tof,25,right_hand,0.0,436
0.9877358675003052,7.512587999999596,-16.17599069872506,27.463608236049254,35.71733131715628,provided_inverse,eucm,ego不带tof,26,right_hand,0.0,451
0.8995147943496704,7.762459999999919,1.5821585062814165,0.9536525129158235,18.381214028654544,provided_inverse,eucm,ego不带tof,27,left_hand,0.0,466
0.9884617924690247,7.762459999999919,-15.790146790087874,28.365096438329715,34.48765170737215,provided_inverse,eucm,ego不带tof,27,right_hand,0.0,466
0.8593775033950806,8.012321000000156,-7.110363876361816,-1.6625486654055521,9.453430185463505,provided_inverse,eucm,ego不带tof,28,left_hand,0.0,481
0.9857780933380127,8.012321000000156,-14.631679152724928,30.48558829417766,36.59500397016059,provided_inverse,eucm,ego不带tof,28,right_hand,0.0,481
0.9534967541694641,8.26221600000099,-3.119210321934588,-2.575452955878518,12.931994698264736,provided_inverse,eucm,ego不带tof,29,left_hand,0.0,496
0.9872820377349854,8.26221600000099,-16.552649544668157,30.932112839693445,36.541926335197196,provided_inverse,eucm,ego不带tof,29,right_hand,0.0,496
0.9583837389945984,8.512097000000722,-9.973245188090686,2.6792103652907144,12.711952240530346,provided_inverse,eucm,ego不带tof,30,left_hand,0.0,511
0.9829189777374268,8.512097000000722,-15.314397796672438,31.01453217571452,38.151232996614205,provided_inverse,eucm,ego不带tof,30,right_hand,0.0,511
0.823424220085144,8.76195700000062,-6.367646634065068,7.26146923366457,10.834667032452488,provided_inverse,eucm,ego不带tof,31,left_hand,0.0,526
0.988023042678833,8.76195700000062,-15.888238136544032,31.586022018964286,38.03943504306961,provided_inverse,eucm,ego不带tof,31,right_hand,0.0,526
0.9174787998199463,9.01182499999959,-11.487939619854615,6.871125604047279,14.81953008195689,provided_inverse,eucm,ego不带tof,32,left_hand,0.0,541
0.9903664588928223,9.01182499999959,-15.093954766813567,31.43274773380051,37.65867712388286,provided_inverse,eucm,ego不带tof,32,right_hand,0.0,541
0.9366922378540039,9.261709000000337,-14.112484533284942,9.406345882294772,19.00034557383418,provided_inverse,eucm,ego不带tof,33,left_hand,0.0,556
0.992450475692749,9.261709000000337,-15.416077995327782,31.871686478571746,38.50928999389846,provided_inverse,eucm,ego不带tof,33,right_hand,0.0,556
0.8390963077545166,9.511540000001332,-13.888120998964041,10.649888004084005,18.84085765057194,provided_inverse,eucm,ego不带tof,34,left_hand,0.0,571
0.9901911020278931,9.511540000001332,-14.509147182396646,32.20602213298184,38.41880522350896,provided_inverse,eucm,ego不带tof,34,right_hand,0.0,571
0.8484763503074646,9.761405999999624,-14.359219135261583,15.024592080007551,22.812740357187135,provided_inverse,eucm,ego不带tof,35,left_hand,0.0,586
0.9911224842071533,9.761405999999624,-15.892269788036288,32.71208711113536,38.77812667995756,provided_inverse,eucm,ego不带tof,35,right_hand,0.0,586
0.9052445292472839,10.011264000000665,-13.293569200363777,17.204430685664875,26.027653416213415,provided_inverse,eucm,ego不带tof,36,left_hand,0.0,601
0.9852791428565979,10.011264000000665,-15.246328432305859,35.3633026605703,40.37688009161328,provided_inverse,eucm,ego不带tof,36,right_hand,0.0,601
0.8451200723648071,10.261145000000397,-17.009456387428656,15.145630730340827,26.751371093807084,provided_inverse,eucm,ego不带tof,37,left_hand,0.0,616
0.9813354015350342,10.261145000000397,-16.38527706345758,38.27315148392677,42.64685394232244,provided_inverse,eucm,ego不带tof,37,right_hand,0.0,616
0.8631210923194885,10.511037000000215,-17.65045499782849,24.12932114268517,38.952738766727315,provided_inverse,eucm,ego不带tof,38,left_hand,0.0,631
0.9883250594139099,10.511037000000215,-15.722974185916655,39.87469789310262,44.423683414365975,provided_inverse,eucm,ego不带tof,38,right_hand,0.0,631
0.8944457769393921,10.760866000000533,-25.198496607624747,40.69659907189612,52.95287392726044,provided_inverse,eucm,ego不带tof,39,left_hand,0.0,646
0.9838314652442932,10.760866000000533,-14.086931416228367,41.95050492907819,45.307756676669975,provided_inverse,eucm,ego不带tof,39,right_hand,0.0,646
0.9323998689651489,11.010725000000093,-26.76790914469683,64.13667648759497,73.50368617937302,provided_inverse,eucm,ego不带tof,40,left_hand,0.0,661
0.9856969118118286,11.010725000000093,-13.122172697839915,38.78807151492572,44.27776749855767,provided_inverse,eucm,ego不带tof,40,right_hand,0.0,661
0.943682074546814,11.260605000001306,-26.77367824362466,77.92086131523047,85.42566345118661,provided_inverse,eucm,ego不带tof,41,left_hand,0.0,676
0.9903724193572998,11.260605000001306,-12.444716650567216,37.08976225411527,40.1101252681705,provided_inverse,eucm,ego不带tof,41,right_hand,0.0,676
0.9048742055892944,11.51044499999989,-29.03853672805161,90.04430155775935,98.79451401729412,provided_inverse,eucm,ego不带tof,42,left_hand,0.0,691
0.9808254837989807,11.51044499999989,-13.220887523677789,36.881918733167026,39.01352177126504,provided_inverse,eucm,ego不带tof,42,right_hand,0.0,691
0.9348177909851074,11.760308000000805,-30.276279455109943,89.31786986545376,97.52313839354537,provided_inverse,eucm,ego不带tof,43,left_hand,0.0,706
0.9716485142707825,11.760308000000805,-15.758269724806723,36.552407208592854,39.651528952614825,provided_inverse,eucm,ego不带tof,43,right_hand,0.0,706
0.9460092782974243,12.010174000000916,-30.220223522973356,89.9418536764083,98.75306145986384,provided_inverse,eucm,ego不带tof,44,left_hand,0.0,721
0.9781802892684937,12.010174000000916,-16.323256575606933,37.71673516032865,41.6827167018723,provided_inverse,eucm,ego不带tof,44,right_hand,0.0,721
0.9465209245681763,12.260056000000986,-28.78012416118895,89.36104105979496,97.53979627565295,provided_inverse,eucm,ego不带tof,45,left_hand,0.0,736
0.9689206480979919,12.260056000000986,-14.394147057453665,38.53261068953725,43.89690077304121,provided_inverse,eucm,ego不带tof,45,right_hand,0.0,736
0.9677751064300537,12.509901000001264,-28.769090048605108,89.5159403440664,97.83995635244835,provided_inverse,eucm,ego不带tof,46,left_hand,0.0,751
0.9856746792793274,12.509901000001264,-15.86259584541142,38.365264935030496,44.73497620300812,provided_inverse,eucm,ego不带tof,46,right_hand,0.0,751
0.9670445322990417,12.759783999999854,-26.747171682870658,87.71645213418014,95.76358335944433,provided_inverse,eucm,ego不带tof,47,left_hand,0.0,766
0.9836950898170471,12.759783999999854,-18.809808717655642,39.33546087231662,45.58513019282067,provided_inverse,eucm,ego不带tof,47,right_hand,0.0,766
0.9643855690956116,13.009652000000642,-26.69948835913476,83.87968955046267,91.74294126819908,provided_inverse,eucm,ego不带tof,48,left_hand,0.0,781
0.972465991973877,13.009652000000642,-16.468665930170005,38.055485575000034,44.12752318103084,provided_inverse,eucm,ego不带tof,48,right_hand,0.0,781
0.9504839777946472,13.259533000000374,-23.366179040268037,82.84145248156676,90.51411816033009,provided_inverse,eucm,ego不带tof,49,left_hand,0.0,796
0.9764343500137329,13.259533000000374,-14.525915874745692,39.12972609671101,43.028173328059076,provided_inverse,eucm,ego不带tof,49,right_hand,0.0,796
0.950554609298706,13.509409000000232,-23.797887055776812,83.31186983306907,90.95182444860025,provided_inverse,eucm,ego不带tof,50,left_hand,0.0,811
0.9903824925422668,13.509409000000232,-14.499650803778877,28.924515821352315,34.38215749189644,provided_inverse,eucm,ego不带tof,50,right_hand,0.0,811
0.9668964743614197,13.759328000000096,-25.6420205039787,81.40045169550797,89.27764345846445,provided_inverse,eucm,ego不带tof,51,left_hand,0.0,826
0.976258397102356,13.759328000000096,-14.597774154805052,8.810319308612407,23.599261943064622,provided_inverse,eucm,ego不带tof,51,right_hand,0.0,826
0.9670396447181702,14.009157000000414,-24.807954167034154,80.20877723783576,88.02181059692032,provided_inverse,eucm,ego不带tof,52,left_hand,0.0,841
0.9799683690071106,14.009157000000414,-10.66368054940142,-7.735427225545777,18.564550692587503,provided_inverse,eucm,ego不带tof,52,right_hand,0.0,841
0.9602237343788147,14.259038000000146,-21.960475395295816,78.14694176868295,85.98418064432815,provided_inverse,eucm,ego不带tof,53,left_hand,0.0,856
0.9707745313644409,14.259038000000146,-13.362133450301258,-8.480995917190853,18.374530306308092,provided_inverse,eucm,ego不带tof,53,right_hand,0.0,856
0.957150936126709,14.508916000000681,-23.759099413507215,77.52825549860461,85.64995129647265,provided_inverse,eucm,ego不带tof,54,left_hand,0.0,871
0.9815106987953186,14.508916000000681,-7.386292473540493,-4.071426979722105,10.522663165826087,provided_inverse,eucm,ego不带tof,54,right_hand,0.0,871
0.9671152830123901,14.758789999999863,-23.643463737370325,74.50494573731078,83.04527898799897,provided_inverse,eucm,ego不带tof,55,left_hand,0.0,886
0.9771459102630615,15.008648000000903,-23.603764171562432,73.45917624959611,81.38925915654778,provided_inverse,eucm,ego不带tof,56,left_hand,0.0,901
0.952790379524231,15.258490000000165,-23.050342094945563,73.14873416874912,82.0936243258031,provided_inverse,eucm,ego不带tof,57,left_hand,0.0,916
0.9582735300064087,15.50839199999973,-24.07078015346565,74.99921382596654,84.14637357978543,provided_inverse,eucm,ego不带tof,58,left_hand,0.0,931
0.9728660583496094,15.758240999999543,-25.909146853525044,78.47710620492467,87.88594261287692,provided_inverse,eucm,ego不带tof,59,left_hand,0.0,946
0.9729419946670532,16.008096999999907,-25.73970976331293,80.59976055338939,90.29109686342395,provided_inverse,eucm,ego不带tof,60,left_hand,0.0,961
0.978851854801178,16.257940999999846,-24.482137057798695,84.12259127106279,94.03750361139643,provided_inverse,eucm,ego不带tof,61,left_hand,0.0,976
0.9772488474845886,16.507848999999624,-27.06513260109557,87.18043373538353,96.74703851446503,provided_inverse,eucm,ego不带tof,62,left_hand,0.0,991
0.9804502725601196,16.75770999999986,-26.69776368563373,85.9671799242135,95.28836697770896,provided_inverse,eucm,ego不带tof,63,left_hand,0.0,1006
0.9800467491149902,17.00760100000116,-26.80894400246018,84.93162807533895,93.96764230654686,provided_inverse,eucm,ego不带tof,64,left_hand,0.0,1021
0.9741369485855103,17.25746000000072,-26.427768863274764,85.37291058455094,93.5718335559729,provided_inverse,eucm,ego不带tof,65,left_hand,0.0,1036
0.9692403078079224,17.50731100000121,-25.42101581643351,78.4725449652675,86.7131479595653,provided_inverse,eucm,ego不带tof,66,left_hand,0.0,1051
0.971397876739502,17.75716300000022,-25.290241177526923,78.12237219274914,86.55949189715416,provided_inverse,eucm,ego不带tof,67,left_hand,0.0,1066
0.971628725528717,17.75716300000022,-10.456161974404267,-28.363860787363365,31.07804992661251,provided_inverse,eucm,ego不带tof,67,right_hand,0.0,1066
0.9767546653747559,18.007007000000158,-24.069081838348325,78.4286623244268,86.68623789487394,provided_inverse,eucm,ego不带tof,68,left_hand,0.0,1081
0.9260832071304321,18.007007000000158,-14.903801760385022,-19.519094616053962,23.64472402246191,provided_inverse,eucm,ego不带tof,68,right_hand,0.0,1081
0.9786585569381714,18.256868000000395,-25.016232299814362,75.67750001753677,83.68384184648306,provided_inverse,eucm,ego不带tof,69,left_hand,0.0,1096
0.9423098564147949,18.256868000000395,-18.270576001348218,-13.168822046025184,20.603627815749256,provided_inverse,eucm,ego不带tof,69,right_hand,0.0,1096
0.9795193076133728,18.506720000001224,-23.868625409064975,76.31121872572066,84.08486934104886,provided_inverse,eucm,ego不带tof,70,left_hand,0.0,1111
0.7874274253845215,18.506720000001224,-13.971384453027213,-8.258833683327452,34.592759971903696,provided_inverse,eucm,ego不带tof,70,right_hand,0.0,1111
0.9757036566734314,18.756585000000996,-20.881666032054625,77.37689799509974,84.36675340371849,provided_inverse,eucm,ego不带tof,71,left_hand,0.0,1126
0.9689728617668152,19.006467999999586,-24.392203093300054,76.59307702213778,83.82583810158279,provided_inverse,eucm,ego不带tof,72,left_hand,0.0,1141
0.9694435000419617,19.256341000000248,-23.484320796864893,72.94749067385635,80.14258012292471,provided_inverse,eucm,ego不带tof,73,left_hand,0.0,1156
0.9676292538642883,19.50624500000049,-22.28931774268051,68.44376363191361,75.77294354846593,provided_inverse,eucm,ego不带tof,74,left_hand,0.0,1171
0.9698778390884399,19.50624500000049,-16.27107272441424,-7.998292400237688,18.382132839627616,provided_inverse,eucm,ego不带tof,74,right_hand,0.0,1171
0.969969630241394,19.756106000000727,-20.919840574366503,61.11214191723832,67.17246337495045,provided_inverse,eucm,ego不带tof,75,left_hand,0.0,1186
0.9516679048538208,19.756106000000727,-19.64503011776742,-9.230503423375694,23.931294658086948,provided_inverse,eucm,ego不带tof,75,right_hand,0.0,1186
0.9780076742172241,20.005957999999737,-18.88537802146743,56.98247470474894,63.97613895743084,provided_inverse,eucm,ego不带tof,76,left_hand,0.0,1201
0.9749177098274231,20.005957999999737,-8.386436139616194,-7.130079820497826,15.952615960578655,provided_inverse,eucm,ego不带tof,76,right_hand,0.0,1201
0.9785464406013489,20.255812999999762,-16.95685519692131,55.82076544806398,62.62497802935224,provided_inverse,eucm,ego不带tof,77,left_hand,0.0,1216
0.9640072584152222,20.255812999999762,-8.10749219380159,-6.025588990215738,16.01448159149305,provided_inverse,eucm,ego不带tof,77,right_hand,0.0,1216
0.9797219038009644,20.50567200000114,-19.37527317351544,57.27887377674199,64.58559624552937,provided_inverse,eucm,ego不带tof,78,left_hand,0.0,1231
0.8995646834373474,20.50567200000114,-13.494464382850538,-0.48480490927943265,18.023902842640634,provided_inverse,eucm,ego不带tof,78,right_hand,0.0,1231
0.9675750732421875,20.755544999999984,-19.09380761866157,58.82017365988622,65.79739441613899,provided_inverse,eucm,ego不带tof,79,left_hand,0.0,1246
0.9742792248725891,20.755544999999984,-12.672340393151103,-12.473180841992075,18.65460891254901,provided_inverse,eucm,ego不带tof,79,right_hand,0.0,1246
0.9684275388717651,21.005385000000388,-16.109202707713393,61.652119159192125,68.0018852774643,provided_inverse,eucm,ego不带tof,80,left_hand,0.0,1261
0.9641879200935364,21.005385000000388,-12.65315158006672,-0.6831087586015201,15.749449013588526,provided_inverse,eucm,ego不带tof,80,right_hand,0.0,1261
0.9743616580963135,21.255291999999827,-19.00211529545686,65.34435144566692,71.92938718764094,provided_inverse,eucm,ego不带tof,81,left_hand,0.0,1276
0.9620964527130127,21.255291999999827,-11.354742395684752,3.757251056158566,14.455883717812432,provided_inverse,eucm,ego不带tof,81,right_hand,0.0,1276
0.9761024117469788,21.505209000000832,-18.041905300691496,68.27558387761019,74.46022309107421,provided_inverse,eucm,ego不带tof,82,left_hand,0.0,1291
0.9629784226417542,21.505209000000832,-18.61008273525988,6.129138042377122,21.42406396269686,provided_inverse,eucm,ego不带tof,82,right_hand,0.0,1291
0.9585679769515991,21.755073000000266,-18.9670658104439,69.43489381117342,76.59144373082529,provided_inverse,eucm,ego不带tof,83,left_hand,0.0,1306
0.9744383692741394,22.004953999999998,-19.656310399090557,73.4994820144475,81.28265772948662,provided_inverse,eucm,ego不带tof,84,left_hand,0.0,1321
0.9847663640975952,22.004953999999998,-10.839819408782319,8.419712195865031,19.482640060108462,provided_inverse,eucm,ego不带tof,84,right_hand,0.0,1321
0.9736313819885254,22.254838000000746,-24.468200593248298,75.09505514880891,82.64034008031048,provided_inverse,eucm,ego不带tof,85,left_hand,0.0,1336
0.9813405871391296,22.254838000000746,-13.40007388325921,18.63698669731957,25.645525954272003,provided_inverse,eucm,ego不带tof,85,right_hand,0.0,1336
0.9811893701553345,22.50470200000018,-23.13674192118424,75.11320332142009,82.33724598000306,provided_inverse,eucm,ego不带tof,86,left_hand,0.0,1351
0.9832205176353455,22.50470200000018,-15.305108323020022,26.492541174518465,32.578122757714894,provided_inverse,eucm,ego不带tof,86,right_hand,0.0,1351
0.9683242440223694,22.754549000001134,-23.900832945914203,75.18508786117502,82.7869317723712,provided_inverse,eucm,ego不带tof,87,left_hand,0.0,1366
0.9810724854469299,22.754549000001134,-13.14641025810431,30.59342322439386,36.07117459408365,provided_inverse,eucm,ego不带tof,87,right_hand,0.0,1366
0.9664626717567444,23.004415999999765,-23.676198019316644,75.95888430107482,83.51671936250924,provided_inverse,eucm,ego不带tof,88,left_hand,0.0,1381
0.9783617854118347,23.004415999999765,-10.587012235397196,33.74598466610473,37.679367507622054,provided_inverse,eucm,ego不带tof,88,right_hand,0.0,1381
0.9709153771400452,23.254289000000426,-23.362384428717576,77.04041223534705,84.73916590607118,provided_inverse,eucm,ego不带tof,89,left_hand,0.0,1396
0.9750438332557678,23.254289000000426,-13.781879460943628,33.74813359028826,39.510369513403404,provided_inverse,eucm,ego不带tof,89,right_hand,0.0,1396
0.975739061832428,23.504159000000072,-24.444552676677233,75.4735450972961,82.94682282547481,provided_inverse,eucm,ego不带tof,90,left_hand,0.0,1411
0.9707809686660767,23.504159000000072,-13.223744757773375,32.57009061059091,39.438978571537326,provided_inverse,eucm,ego不带tof,90,right_hand,0.0,1411
0.9720062017440796,23.75402899999972,-25.169593644430847,76.00854285771356,83.42923303185422,provided_inverse,eucm,ego不带tof,91,left_hand,0.0,1426
0.9759223461151123,23.75402899999972,-14.068897136649412,33.296539142506845,40.7019435562011,provided_inverse,eucm,ego不带tof,91,right_hand,0.0,1426
0.966107189655304,24.00390900000093,-23.986319744862158,75.17243891404758,82.59294592269787,provided_inverse,eucm,ego不带tof,92,left_hand,0.0,1441
0.9742716550827026,24.00390900000093,-14.105594688050815,33.11018484072952,39.40225280349432,provided_inverse,eucm,ego不带tof,92,right_hand,0.0,1441
0.9704896211624146,24.253772000000026,-23.827310325485996,76.54187405201128,83.99127874553366,provided_inverse,eucm,ego不带tof,93,left_hand,0.0,1456
0.9721226096153259,24.253772000000026,-15.55237360004503,32.92916070035699,37.82353550077786,provided_inverse,eucm,ego不带tof,93,right_hand,0.0,1456
0.9694717526435852,24.50363500000094,-23.572086354106318,76.63344279441355,84.2240991854455,provided_inverse,eucm,ego不带tof,94,left_hand,0.0,1471
0.9750064611434937,24.50363500000094,-16.985160769027402,34.08635008933311,40.35970402602442,provided_inverse,eucm,ego不带tof,94,right_hand,0.0,1471
0.9747170805931091,24.753507999999783,-23.75012311117075,77.11721549787671,84.76313033898279,provided_inverse,eucm,ego不带tof,95,left_hand,0.0,1486
0.9787195920944214,24.753507999999783,-16.377386695077348,33.8539858238737,39.62882203819711,provided_inverse,eucm,ego不带tof,95,right_hand,0.0,1486
0.9620320796966553,1.0160280000000057,-1.3631843069163665,59.463847652523555,60.539388061082704,direct,pinhole,ego不带tof,0,left_hand,0.0,61
0.97738116979599,1.0160280000000057,0.949386420062865,24.99510476508442,26.20264735838617,direct,pinhole,ego不带tof,0,right_hand,0.0,61
0.8622627258300781,1.265863000000536,-1.3727636549261888,21.83412736653611,22.7331421844521,direct,pinhole,ego不带tof,1,left_hand,0.0,76
0.9868857264518738,1.265863000000536,1.346910297924751,13.75884306522778,17.028388298215777,direct,pinhole,ego不带tof,1,right_hand,0.0,76
0.9195961952209473,1.5157190000008995,-4.33327498238225,-11.172965026130328,18.371583919360642,direct,pinhole,ego不带tof,2,left_hand,0.0,91
0.9862293004989624,1.5157190000008995,1.0008075350984882,12.076636664506623,14.203050671017115,direct,pinhole,ego不带tof,2,right_hand,0.0,91
0.9643117189407349,1.7655699999995704,0.01672644290158587,-19.786684762012783,21.873664851169604,direct,pinhole,ego不带tof,3,left_hand,0.0,106
0.9903656840324402,1.7655699999995704,0.031678391861078126,12.106891114743917,15.51916427595849,direct,pinhole,ego不带tof,3,right_hand,0.0,106
0.86310875415802,2.015419000001202,4.778779125661458,-14.866001253848594,15.822972890256153,direct,pinhole,ego不带tof,4,left_hand,0.0,121
0.9843211770057678,2.015419000001202,0.18987986483307395,15.079481071368832,18.033612438432943,direct,pinhole,ego不带tof,4,right_hand,0.0,121
0.5771262645721436,2.265279000001101,1.8022943081654148,4.458773426130847,10.03536154412132,direct,pinhole,ego不带tof,5,left_hand,0.0,136
0.9796554446220398,2.265279000001101,-1.1115745759400397,17.44583837392986,20.9319631663316,direct,pinhole,ego不带tof,5,right_hand,0.0,136
0.8200352787971497,2.5151519999999437,1.4218538549968116,4.430093365940934,10.76475688554463,direct,pinhole,ego不带tof,6,left_hand,0.0,151
0.9842525124549866,2.5151519999999437,1.7467605905269465,21.64633182217483,23.416260709010086,direct,pinhole,ego不带tof,6,right_hand,0.0,151
0.9866629242897034,2.7650090000006458,0.5181613713809838,23.189073264128183,25.53849978840478,direct,pinhole,ego不带tof,7,right_hand,0.0,166
0.9796062707901001,3.014870000000883,1.465237637759742,21.032653199591323,23.02695604233687,direct,pinhole,ego不带tof,8,right_hand,0.0,181
0.9883629083633423,3.2647460000007413,0.6214106929832042,19.033293788659307,20.575246535812106,direct,pinhole,ego不带tof,9,right_hand,0.0,196
0.9935052990913391,3.5146899999999732,0.9306091683693012,17.549752770820646,20.1909874776341,direct,pinhole,ego不带tof,10,right_hand,0.0,211
0.995847761631012,4.014427000000069,0.5831946936781378,20.06369563900944,23.144702699275406,direct,pinhole,ego不带tof,12,right_hand,0.0,241
0.9923847913742065,4.264295000000857,-1.0242700263756888,21.473764759282062,23.034803391485543,direct,pinhole,ego不带tof,13,right_hand,0.0,256
0.7793506383895874,4.514199000001099,-7.165269631263527,-2.870187653696462,15.161001094338042,direct,pinhole,ego不带tof,14,left_hand,0.0,271
0.9937449097633362,4.514199000001099,0.041667889155405646,21.61346845987191,23.187655878530148,direct,pinhole,ego不带tof,14,right_hand,0.0,271
0.7193935513496399,4.764057000000321,0.08533060346684351,-12.565132564503756,16.909521708928928,direct,pinhole,ego不带tof,15,left_hand,0.0,286
0.9894606471061707,4.764057000000321,1.802244983806304,20.245542469597694,22.8764174132102,direct,pinhole,ego不带tof,15,right_hand,0.0,286
0.7161141037940979,5.013923000000432,-0.4528711594532524,-17.554628072134847,19.378262786102052,direct,pinhole,ego不带tof,16,left_hand,0.0,301
0.9887954592704773,5.013923000000432,1.1718831527290376,17.95868439341666,21.063011591437203,direct,pinhole,ego不带tof,16,right_hand,0.0,301
0.5247360467910767,5.26379100000122,-2.8088406616309385,-8.64287716282729,13.71509176932424,direct,pinhole,ego不带tof,17,left_hand,0.0,316
0.9846702814102173,5.26379100000122,0.8968064170085199,19.715104720324916,22.801187091502385,direct,pinhole,ego不带tof,17,right_hand,0.0,316
0.6304959058761597,5.513660000000527,3.2639086967060393,-1.4944683160591694,11.368907464275622,direct,pinhole,ego不带tof,18,left_hand,0.0,331
0.9844402074813843,5.513660000000527,1.292267472696949,18.227283840871223,21.141727147533175,direct,pinhole,ego不带tof,18,right_hand,0.0,331
0.5247448086738586,5.763521000000765,6.254965737230009,9.245527979007193,10.8770733854496,direct,pinhole,ego不带tof,19,left_hand,0.0,346
0.9875265955924988,5.763521000000765,1.0684520248814806,20.421451926897248,22.56414729038714,direct,pinhole,ego不带tof,19,right_hand,0.0,346
0.8615628480911255,6.01338399999986,3.3037968552173425,11.411764133071529,12.412630653330124,direct,pinhole,ego不带tof,20,left_hand,0.0,361
0.9867231845855713,6.01338399999986,1.454876389855599,20.12189629595889,22.494490119079494,direct,pinhole,ego不带tof,20,right_hand,0.0,361
0.9861642122268677,6.26327400000082,3.0211546837092556,21.767487997009425,23.557054131437642,direct,pinhole,ego不带tof,21,right_hand,0.0,376
0.9876024723052979,6.5131190000010974,0.2006985205661067,19.376496933110047,22.62935605690602,direct,pinhole,ego不带tof,22,right_hand,0.0,391
0.98420649766922,6.7629890000007435,2.0922606087819986,18.553702167495203,20.441447221883145,direct,pinhole,ego不带tof,23,right_hand,0.0,406
0.9864694476127625,7.012872000001153,1.6735425496034395,12.312428488182036,16.955498206468366,direct,pinhole,ego不带tof,24,right_hand,0.0,421
0.9096047282218933,7.262729000000036,12.174679475758467,-8.497242100187009,16.17006789552121,direct,pinhole,ego不带tof,25,left_hand,0.0,436
0.9887590408325195,7.262729000000036,0.12377354413490593,8.823554213263378,13.995785604747631,direct,pinhole,ego不带tof,25,right_hand,0.0,436
0.9877358675003052,7.512587999999596,1.42480269893872,12.091539681768722,16.029423687084154,direct,pinhole,ego不带tof,26,right_hand,0.0,451
0.8995147943496704,7.762459999999919,13.65344798398155,-8.8708681684991,29.76043361603647,direct,pinhole,ego不带tof,27,left_hand,0.0,466
0.9884617924690247,7.762459999999919,0.9060602977782537,13.591564042472555,17.070176245207676,direct,pinhole,ego不带tof,27,right_hand,0.0,466
0.8593775033950806,8.012321000000156,5.359820750096674,-12.83366358205501,16.676942425910756,direct,pinhole,ego不带tof,28,left_hand,0.0,481
0.9857780933380127,8.012321000000156,2.1326944883821852,15.803801280458856,19.12915817692768,direct,pinhole,ego不带tof,28,right_hand,0.0,481
0.9534967541694641,8.26221600000099,8.996084674766166,-12.854050240816491,19.498688780464892,direct,pinhole,ego不带tof,29,left_hand,0.0,496
0.9872820377349854,8.26221600000099,0.05101015892375926,16.277926667118663,19.131812897010573,direct,pinhole,ego不带tof,29,right_hand,0.0,496
0.9583837389945984,8.512097000000722,2.526314028553543,-8.67122167325897,12.399562529730696,direct,pinhole,ego不带tof,30,left_hand,0.0,511
0.9829189777374268,8.512097000000722,1.0868000377494127,16.415896223789332,19.850050478416687,direct,pinhole,ego不带tof,30,right_hand,0.0,511
0.823424220085144,8.76195700000062,5.622050461427079,-2.88002929459185,10.927117297416311,direct,pinhole,ego不带tof,31,left_hand,0.0,526
0.988023042678833,8.76195700000062,0.6836726185573525,16.77118962880263,19.88324602830005,direct,pinhole,ego不带tof,31,right_hand,0.0,526
0.9174787998199463,9.01182499999959,0.27849879643713393,-2.8029653570495157,7.930367179609337,direct,pinhole,ego不带tof,32,left_hand,0.0,541
0.9903664588928223,9.01182499999959,1.1077223252136719,16.66989190780464,19.488196428561494,direct,pinhole,ego不带tof,32,right_hand,0.0,541
0.9366922378540039,9.261709000000337,-1.6878320205952946,-1.0771506436034315,12.262510250286432,direct,pinhole,ego不带tof,33,left_hand,0.0,556
0.992450475692749,9.261709000000337,1.6021063373229936,16.792008033562638,19.57595517072609,direct,pinhole,ego不带tof,33,right_hand,0.0,556
0.8390963077545166,9.511540000001332,-1.0502000586320719,-0.7163186703154452,8.445702027247536,direct,pinhole,ego不带tof,34,left_hand,0.0,571
0.9901911020278931,9.511540000001332,0.8661109944148393,17.80477572865766,21.094391327709758,direct,pinhole,ego不带tof,34,right_hand,0.0,571
0.8484763503074646,9.761405999999624,-0.8327553794111395,3.6733783318060205,9.652980676768152,direct,pinhole,ego不带tof,35,left_hand,0.0,586
0.9911224842071533,9.761405999999624,0.6501978666045716,17.80859519970113,19.772819446931088,direct,pinhole,ego不带tof,35,right_hand,0.0,586
0.9052445292472839,10.011264000000665,0.7633175438588751,5.297166836871952,10.802772298781301,direct,pinhole,ego不带tof,36,left_hand,0.0,601
0.9852791428565979,10.011264000000665,1.607654997943314,20.52898721829672,23.00277981299503,direct,pinhole,ego不带tof,36,right_hand,0.0,601
0.8451200723648071,10.261145000000397,-1.9148320585890133,3.547472139760089,13.644925604008916,direct,pinhole,ego不带tof,37,left_hand,0.0,616
0.9813354015350342,10.261145000000397,1.6798578522418666,22.95286203729472,24.622328384761886,direct,pinhole,ego不带tof,37,right_hand,0.0,616
0.8631210923194885,10.511037000000215,1.4623663289509068,11.306987953615362,14.261344763121112,direct,pinhole,ego不带tof,38,left_hand,0.0,631
0.9883250594139099,10.511037000000215,0.6279627993769736,24.96212796376392,26.216350505617797,direct,pinhole,ego不带tof,38,right_hand,0.0,631
0.8944457769393921,10.760866000000533,-2.6789575867338726,28.94059163609211,30.0453940801785,direct,pinhole,ego不带tof,39,left_hand,0.0,646
0.9838314652442932,10.760866000000533,1.0217812695335624,26.95379817496905,27.27701359082987,direct,pinhole,ego不带tof,39,right_hand,0.0,646
0.9323998689651489,11.010725000000093,-1.1352067664707874,49.054369347864736,49.629014442662495,direct,pinhole,ego不带tof,40,left_hand,0.0,661
0.9856969118118286,11.010725000000093,2.457178770849282,24.12608670456393,26.954874147458433,direct,pinhole,ego不带tof,40,right_hand,0.0,661
0.943682074546814,11.260605000001306,-0.7691920366037834,61.40411532169594,61.507627223150806,direct,pinhole,ego不带tof,41,left_hand,0.0,676
0.9903724193572998,11.260605000001306,2.3668194140077503,21.98351752733413,24.904048954278586,direct,pinhole,ego不带tof,41,right_hand,0.0,676
0.9048742055892944,11.51044499999989,-0.14588489707603003,71.43867750453512,72.57120861890715,direct,pinhole,ego不带tof,42,left_hand,0.0,691
0.9808254837989807,11.51044499999989,1.685469742738178,22.488317273120515,23.375254745722206,direct,pinhole,ego不带tof,42,right_hand,0.0,691
0.9348177909851074,11.760308000000805,-2.044640165664191,70.51975875887729,70.91673907844265,direct,pinhole,ego不带tof,43,left_hand,0.0,706
0.9716485142707825,11.760308000000805,0.8504643256434292,21.542123204244717,22.452894738655658,direct,pinhole,ego不带tof,43,right_hand,0.0,706
0.9460092782974243,12.010174000000916,-2.5264997839203716,71.44556602531986,72.12383954411332,direct,pinhole,ego不带tof,44,left_hand,0.0,721
0.9781802892684937,12.010174000000916,0.7263147892750794,22.156352728518073,23.943020531488077,direct,pinhole,ego不带tof,44,right_hand,0.0,721
0.9465209245681763,12.260056000000986,-0.14564444027462287,71.33097964114904,71.86630993944621,direct,pinhole,ego不带tof,45,left_hand,0.0,736
0.9689206480979919,12.260056000000986,1.2261104798122915,23.458810342867196,24.72541506937118,direct,pinhole,ego不带tof,45,right_hand,0.0,736
0.9677751064300537,12.509901000001264,-1.5087425649476245,71.42968563078512,72.44541526139986,direct,pinhole,ego不带tof,46,left_hand,0.0,751
0.9856746792793274,12.509901000001264,1.2785441689899244,23.05188389760633,24.884401198011478,direct,pinhole,ego不带tof,46,right_hand,0.0,751
0.9670445322990417,12.759783999999854,-0.81243968866454,70.222651164269,71.05083917303644,direct,pinhole,ego不带tof,47,left_hand,0.0,766
0.9836950898170471,12.759783999999854,-0.188997632541259,23.19717711944736,25.170102759969602,direct,pinhole,ego不带tof,47,right_hand,0.0,766
0.9643855690956116,13.009652000000642,-1.3003619518657388,67.12353365799777,68.01671896060003,direct,pinhole,ego不带tof,48,left_hand,0.0,781
0.972465991973877,13.009652000000642,0.33886605131090164,22.417214508681127,23.555571836370596,direct,pinhole,ego不带tof,48,right_hand,0.0,781
0.9504839777946472,13.259533000000374,-2.5382105433149036,66.10718665873378,66.96188728844692,direct,pinhole,ego不带tof,49,left_hand,0.0,796
0.9764343500137329,13.259533000000374,1.1028089688454656,24.531413947028682,25.690330692029175,direct,pinhole,ego不带tof,49,right_hand,0.0,796
0.950554609298706,13.509409000000232,-1.5497110520639126,67.28518170250481,67.285919578159,direct,pinhole,ego不带tof,50,left_hand,0.0,811
0.9903824925422668,13.509409000000232,0.4670044712528352,13.616124185132207,15.060485572185986,direct,pinhole,ego不带tof,50,right_hand,0.0,811
0.9668964743614197,13.759328000000096,-0.9714026776970854,64.80558249864941,65.66150287076114,direct,pinhole,ego不带tof,51,left_hand,0.0,826
0.976258397102356,13.759328000000096,0.2186311253223039,-6.650691803668565,13.348154825193031,direct,pinhole,ego不带tof,51,right_hand,0.0,826
0.9670396447181702,14.009157000000414,-1.051174833360733,63.87723584977073,64.73708432323185,direct,pinhole,ego不带tof,52,left_hand,0.0,841
0.9799683690071106,14.009157000000414,0.6020211776015003,-22.039645311618642,22.07004384274314,direct,pinhole,ego不带tof,52,right_hand,0.0,841
0.9602237343788147,14.259038000000146,-0.029282397131282778,61.65764483201758,62.458204135156265,direct,pinhole,ego不带tof,53,left_hand,0.0,856
0.9707745313644409,14.259038000000146,-1.1039514908563888,-24.06400004953366,24.24625668838137,direct,pinhole,ego不带tof,53,right_hand,0.0,856
0.957150936126709,14.508916000000681,0.07291443251347118,61.47867475653129,62.44830154166898,direct,pinhole,ego不带tof,54,left_hand,0.0,871
0.9815106987953186,14.508916000000681,0.810036084871399,-17.016880860891206,17.351646324217572,direct,pinhole,ego不带tof,54,right_hand,0.0,871
0.9671152830123901,14.758789999999863,-0.34115987844393203,58.52210448424091,59.54080948020153,direct,pinhole,ego不带tof,55,left_hand,0.0,886
0.9771459102630615,15.008648000000903,-0.08599292883604903,57.68568549969996,58.466431974632016,direct,pinhole,ego不带tof,56,left_hand,0.0,901
0.952790379524231,15.258490000000165,0.13469862182694214,57.09396737251302,58.08037618075366,direct,pinhole,ego不带tof,57,left_hand,0.0,916
0.9582735300064087,15.50839199999973,-0.11450127852361902,58.69296202983628,59.77966269525772,direct,pinhole,ego不带tof,58,left_hand,0.0,931
0.9728660583496094,15.758240999999543,0.8298427060706217,61.95385703644274,63.23522891485352,direct,pinhole,ego不带tof,59,left_hand,0.0,946
0.9729419946670532,16.008096999999907,-0.0771866901905014,63.578025625370174,65.04254539919845,direct,pinhole,ego不带tof,60,left_hand,0.0,961
0.978851854801178,16.257940999999846,0.33397262891253376,66.4177003958705,67.94594883539368,direct,pinhole,ego不带tof,61,left_hand,0.0,976
0.9772488474845886,16.507848999999624,0.5746897430058766,69.13187457808692,71.2659458057795,direct,pinhole,ego不带tof,62,left_hand,0.0,991
0.9804502725601196,16.75770999999986,-0.45045231532787966,68.34821223302595,70.16241586819625,direct,pinhole,ego不带tof,63,left_hand,0.0,1006
0.9800467491149902,17.00760100000116,-1.5694030069727773,67.67203416329596,68.9342467841988,direct,pinhole,ego不带tof,64,left_hand,0.0,1021
0.9741369485855103,17.25746000000072,-1.1918928825680837,67.99129528467586,69.19609139123634,direct,pinhole,ego不带tof,65,left_hand,0.0,1036
0.9692403078079224,17.50731100000121,-0.12384935927241258,61.55154723509668,62.781854836441205,direct,pinhole,ego不带tof,66,left_hand,0.0,1051
0.971397876739502,17.75716300000022,-0.6657289157989226,61.32942604637128,62.336174936217525,direct,pinhole,ego不带tof,67,left_hand,0.0,1066
0.971628725528717,17.75716300000022,0.11391904088304727,-41.54282564931941,42.1216694042211,direct,pinhole,ego不带tof,67,right_hand,0.0,1066
0.9767546653747559,18.007007000000158,-0.52085632299503,61.98203895311792,63.163668955512044,direct,pinhole,ego不带tof,68,left_hand,0.0,1081
0.9260832071304321,18.007007000000158,-3.0724309769267393,-32.772834748261516,33.01709476378353,direct,pinhole,ego不带tof,68,right_hand,0.0,1081
0.9786585569381714,18.256868000000395,-0.23601157099176362,59.809527809047836,60.898315723609656,direct,pinhole,ego不带tof,69,left_hand,0.0,1096
0.9423098564147949,18.256868000000395,-6.876215028657725,-25.799726886201597,25.82563946865563,direct,pinhole,ego不带tof,69,right_hand,0.0,1096
0.9795193076133728,18.506720000001224,-0.8455911687179878,59.954693230541125,61.29502554433489,direct,pinhole,ego不带tof,70,left_hand,0.0,1111
0.7874274253845215,18.506720000001224,-1.6702429380250123,-21.52366084287894,37.04588928592558,direct,pinhole,ego不带tof,70,right_hand,0.0,1111
0.9757036566734314,18.756585000000996,-0.7597331056334156,61.6677771112528,62.377214668248655,direct,pinhole,ego不带tof,71,left_hand,0.0,1126
0.9689728617668152,19.006467999999586,-0.5147674047369151,61.32492366797226,62.18219344198874,direct,pinhole,ego不带tof,72,left_hand,0.0,1141
0.9694435000419617,19.256341000000248,0.35441961327228455,57.45779608956934,58.49105478654546,direct,pinhole,ego不带tof,73,left_hand,0.0,1156
0.9676292538642883,19.50624500000049,-0.127554990094211,53.39942491364843,54.80581460634819,direct,pinhole,ego不带tof,74,left_hand,0.0,1171
0.9698778390884399,19.50624500000049,-2.9176901516082125,-22.067356355814354,24.12208821633716,direct,pinhole,ego不带tof,74,right_hand,0.0,1171
0.969969630241394,19.756106000000727,0.9903193321090384,47.04183468697079,48.39719598394712,direct,pinhole,ego不带tof,75,left_hand,0.0,1186
0.9516679048538208,19.756106000000727,-8.094935893708453,-22.47788080378575,26.538488391442566,direct,pinhole,ego不带tof,75,right_hand,0.0,1186
0.9780076742172241,20.005957999999737,0.29078110591393624,43.669088661491855,44.84647678184612,direct,pinhole,ego不带tof,76,left_hand,0.0,1201
0.9749177098274231,20.005957999999737,3.384800241240555,-20.367497808206053,22.792046132418502,direct,pinhole,ego不带tof,76,right_hand,0.0,1201
0.9785464406013489,20.255812999999762,0.2571016748100874,42.72594078030613,43.6169635686021,direct,pinhole,ego不带tof,77,left_hand,0.0,1216
0.9640072584152222,20.255812999999762,4.231795538441588,-19.526140807629304,21.54063930699036,direct,pinhole,ego不带tof,77,right_hand,0.0,1216
0.9797219038009644,20.50567200000114,1.162724148600205,43.85067165743317,45.16453158492737,direct,pinhole,ego不带tof,78,left_hand,0.0,1231
0.8995646834373474,20.50567200000114,-0.7626452243638369,-14.471744747288653,18.62064084563137,direct,pinhole,ego不带tof,78,right_hand,0.0,1231
0.9675750732421875,20.755544999999984,0.362983980684362,45.54554952337958,46.72902755002379,direct,pinhole,ego不带tof,79,left_hand,0.0,1246
0.9742792248725891,20.755544999999984,-0.45508397828302805,-26.020937083564604,26.352778503634568,direct,pinhole,ego不带tof,79,right_hand,0.0,1246
0.9684275388717651,21.005385000000388,0.40031272914438887,48.36249913205097,48.992158192786555,direct,pinhole,ego不带tof,80,left_hand,0.0,1261
0.9641879200935364,21.005385000000388,0.8111976826519367,-14.776889900875403,14.77759946596048,direct,pinhole,ego不带tof,80,right_hand,0.0,1261
0.9743616580963135,21.255291999999827,0.6141641188306721,52.49851134906589,52.68299709702513,direct,pinhole,ego不带tof,81,left_hand,0.0,1276
0.9620964527130127,21.255291999999827,2.0249331874069867,-10.496091450341737,12.913580364708015,direct,pinhole,ego不带tof,81,right_hand,0.0,1276
0.9761024117469788,21.505209000000832,0.05149322293198111,54.44926515764712,55.33731590653882,direct,pinhole,ego不带tof,82,left_hand,0.0,1291
0.9629784226417542,21.505209000000832,-2.613159655004438,-9.45904824605509,13.615924660810608,direct,pinhole,ego不带tof,82,right_hand,0.0,1291
0.9585679769515991,21.755073000000266,-0.7558202109055401,55.322978460942295,56.23113646330037,direct,pinhole,ego不带tof,83,left_hand,0.0,1306
0.9744383692741394,22.004953999999998,0.07289558567993026,58.53272035387727,59.326938763392015,direct,pinhole,ego不带tof,84,left_hand,0.0,1321
0.9847663640975952,22.004953999999998,1.0607120864048056,-5.9879613459385155,12.4529440277518,direct,pinhole,ego不带tof,84,right_hand,0.0,1321
0.9736313819885254,22.254838000000746,-0.7362688144187359,59.89534233558311,60.83475412875925,direct,pinhole,ego不带tof,85,left_hand,0.0,1336
0.9813405871391296,22.254838000000746,0.05465937864289572,3.3568181217652864,8.36945454195701,direct,pinhole,ego不带tof,85,right_hand,0.0,1336
0.9811893701553345,22.50470200000018,0.6197882184005721,60.03138686560828,60.833474660710785,direct,pinhole,ego不带tof,86,left_hand,0.0,1351
0.9832205176353455,22.50470200000018,-0.9407047161324726,10.386939169191464,12.246341780752408,direct,pinhole,ego不带tof,86,right_hand,0.0,1351
0.9683242440223694,22.754549000001134,0.21793196103283208,59.78478603828921,60.778747854152066,direct,pinhole,ego不带tof,87,left_hand,0.0,1366
0.9810724854469299,22.754549000001134,1.1702783531395653,14.997550119471953,16.35437222893726,direct,pinhole,ego不带tof,87,right_hand,0.0,1366
0.9664626717567444,23.004415999999765,0.08564206626613213,60.32450812513616,61.493988917935866,direct,pinhole,ego不带tof,88,left_hand,0.0,1381
0.9783617854118347,23.004415999999765,1.562362823379999,19.046643136395687,19.249438900127384,direct,pinhole,ego不带tof,88,right_hand,0.0,1381
0.9709153771400452,23.254289000000426,0.5727112448910248,61.16525494615689,62.44510997559438,direct,pinhole,ego不带tof,89,left_hand,0.0,1396
0.9750438332557678,23.254289000000426,0.13322216369351736,18.077978870953075,18.859080106766665,direct,pinhole,ego不带tof,89,right_hand,0.0,1396
0.975739061832428,23.504159000000072,0.29913504185492457,60.157287368566585,60.95027586591456,direct,pinhole,ego不带tof,90,left_hand,0.0,1411
0.9707809686660767,23.504159000000072,0.22120554301056927,16.970729789875577,18.5626833739099,direct,pinhole,ego不带tof,90,right_hand,0.0,1411
0.9720062017440796,23.75402899999972,-0.05614929863543239,60.13750179796,61.328308201965946,direct,pinhole,ego不带tof,91,left_hand,0.0,1426
0.9759223461151123,23.75402899999972,0.780127942491049,17.36347128034913,18.980871433003106,direct,pinhole,ego不带tof,91,right_hand,0.0,1426
0.966107189655304,24.00390900000093,0.06320188395147852,59.27287781294933,60.336633016648975,direct,pinhole,ego不带tof,92,left_hand,0.0,1441
0.9742716550827026,24.00390900000093,0.891257737627825,17.10482926004829,17.859675447736812,direct,pinhole,ego不带tof,92,right_hand,0.0,1441
0.9704896211624146,24.253772000000026,0.24920714233945773,60.651322752890565,61.66781474232038,direct,pinhole,ego不带tof,93,left_hand,0.0,1456
0.9721226096153259,24.253772000000026,-0.19816488508149632,16.87688879001314,17.81680669230284,direct,pinhole,ego不带tof,93,right_hand,0.0,1456
0.9694717526435852,24.50363500000094,-1.8138824628405814,61.00344158683242,62.065579872080484,direct,pinhole,ego不带tof,94,left_hand,0.0,1471
0.9750064611434937,24.50363500000094,0.5679367260056551,17.507812786902036,17.580908441333168,direct,pinhole,ego不带tof,94,right_hand,0.0,1471
0.9747170805931091,24.753507999999783,0.5470825529288277,61.343142140176724,62.51513086563293,direct,pinhole,ego不带tof,95,left_hand,0.0,1486
0.9787195920944214,24.753507999999783,0.38429718121346923,17.502884103059273,18.94539435180418,direct,pinhole,ego不带tof,95,right_hand,0.0,1486
0.9620320796966553,1.0160280000000057,8.901415838994467,50.88256705154413,50.8859473930466,provided_forward,pinhole,ego不带tof,0,left_hand,0.0,61
0.97738116979599,1.0160280000000057,18.961402749536433,11.61591806969318,24.064628351127723,provided_forward,pinhole,ego不带tof,0,right_hand,0.0,61
0.8622627258300781,1.265863000000536,7.129976296504026,12.444839576129198,12.72692418241039,provided_forward,pinhole,ego不带tof,1,left_hand,0.0,76
0.9868857264518738,1.265863000000536,22.12910491795526,-0.6877302103210923,24.677589776633567,provided_forward,pinhole,ego不带tof,1,right_hand,0.0,76
0.9195961952209473,1.5157190000008995,4.20473466566375,-21.99986915979389,26.167270774177574,provided_forward,pinhole,ego不带tof,2,left_hand,0.0,91
0.9862293004989624,1.5157190000008995,19.713619078669012,-2.486532180562449,24.17307629234893,provided_forward,pinhole,ego不带tof,2,right_hand,0.0,91
0.9643117189407349,1.7655699999995704,9.847318344479504,-32.02975775765128,32.05949452422782,provided_forward,pinhole,ego不带tof,3,left_hand,0.0,106
0.9903656840324402,1.7655699999995704,18.44946667540853,-1.8455711270894426,21.222262752913643,provided_forward,pinhole,ego不带tof,3,right_hand,0.0,106
0.86310875415802,2.015419000001202,14.993419542378433,-27.325726398126903,29.683862947924776,provided_forward,pinhole,ego不带tof,4,left_hand,0.0,121
0.9843211770057678,2.015419000001202,19.001646277084433,1.2145504876714313,20.86597534916462,provided_forward,pinhole,ego不带tof,4,right_hand,0.0,121
0.5771262645721436,2.265279000001101,11.571559246224638,-6.376902125355741,19.162460302348652,provided_forward,pinhole,ego不带tof,5,left_hand,0.0,136
0.9796554446220398,2.265279000001101,18.798970902904216,3.292118242232732,23.58689503577912,provided_forward,pinhole,ego不带tof,5,right_hand,0.0,136
0.8200352787971497,2.5151519999999437,11.190513846463546,-6.096896091073404,17.824416844981727,provided_forward,pinhole,ego不带tof,6,left_hand,0.0,151
0.9842525124549866,2.5151519999999437,20.837481252968246,7.661911573857651,24.396449230694078,provided_forward,pinhole,ego不带tof,6,right_hand,0.0,151
0.9866629242897034,2.7650090000006458,19.5061727176153,9.468460022084173,26.20624765487695,provided_forward,pinhole,ego不带tof,7,right_hand,0.0,166
0.9796062707901001,3.014870000000883,19.613966040421133,7.498255072714642,24.12378794997677,provided_forward,pinhole,ego不带tof,8,right_hand,0.0,181
0.9883629083633423,3.2647460000007413,18.644324399403217,4.876867349582881,23.012544689819414,provided_forward,pinhole,ego不带tof,9,right_hand,0.0,196
0.9935052990913391,3.5146899999999732,19.379124582737404,3.4944881955033225,23.02924505403197,provided_forward,pinhole,ego不带tof,10,right_hand,0.0,211
0.995847761631012,4.014427000000069,18.88274477999005,5.771061252007598,24.147511559531427,provided_forward,pinhole,ego不带tof,12,right_hand,0.0,241
0.9923847913742065,4.264295000000857,19.275574726938316,6.9277089935498,24.50975741678309,provided_forward,pinhole,ego不带tof,13,right_hand,0.0,256
0.7793506383895874,4.514199000001099,0.981953951057335,-13.808696477418266,22.32239654198674,provided_forward,pinhole,ego不带tof,14,left_hand,0.0,271
0.9937449097633362,4.514199000001099,18.73691799251401,7.217911808394206,24.57246484810739,provided_forward,pinhole,ego不带tof,14,right_hand,0.0,271
0.7193935513496399,4.764057000000321,7.7650057344419565,-23.049787233822826,27.039295027563018,provided_forward,pinhole,ego不带tof,15,left_hand,0.0,286
0.9894606471061707,4.764057000000321,20.457171277939437,6.0085639929423,23.521833005907986,provided_forward,pinhole,ego不带tof,15,right_hand,0.0,286
0.7161141037940979,5.013923000000432,7.240065282050182,-28.600503678565133,32.78247366972115,provided_forward,pinhole,ego不带tof,16,left_hand,0.0,301
0.9887954592704773,5.013923000000432,22.04526609596269,3.840041157739165,24.13862670499172,provided_forward,pinhole,ego不带tof,16,right_hand,0.0,301
0.5247360467910767,5.26379100000122,4.342339074795234,-19.001236916647372,24.44483567675447,provided_forward,pinhole,ego不带tof,17,left_hand,0.0,316
0.9846702814102173,5.26379100000122,21.127844385487265,4.930864044541522,23.515913664031096,provided_forward,pinhole,ego不带tof,17,right_hand,0.0,316
0.6304959058761597,5.513660000000527,11.527492167019432,-11.685300912294565,20.6192863087065,provided_forward,pinhole,ego不带tof,18,left_hand,0.0,331
0.9844402074813843,5.513660000000527,21.818306225074707,3.8118051066400085,23.870418246786265,provided_forward,pinhole,ego不带tof,18,right_hand,0.0,331
0.5247448086738586,5.763521000000765,13.586151938147168,0.463308993245505,16.1220683521397,provided_forward,pinhole,ego不带tof,19,left_hand,0.0,346
0.9875265955924988,5.763521000000765,22.776660909402267,5.438408312760089,25.97283504754829,provided_forward,pinhole,ego不带tof,19,right_hand,0.0,346
0.8615628480911255,6.01338399999986,10.14072827792478,3.869532713484773,10.896234327873161,provided_forward,pinhole,ego不带tof,20,left_hand,0.0,361
0.9867231845855713,6.01338399999986,21.940230213733344,6.006194559075993,24.779196115678353,provided_forward,pinhole,ego不带tof,20,right_hand,0.0,361
0.9861642122268677,6.26327400000082,23.28813926567443,7.402503656231829,26.24449774473613,provided_forward,pinhole,ego不带tof,21,right_hand,0.0,376
0.9876024723052979,6.5131190000010974,21.263238914821272,5.243392298442473,23.370082504377105,provided_forward,pinhole,ego不带tof,22,right_hand,0.0,391
0.98420649766922,6.7629890000007435,20.865461833558356,4.407026391630438,24.792196669987028,provided_forward,pinhole,ego不带tof,23,right_hand,0.0,406
0.9864694476127625,7.012872000001153,19.493198925380852,-1.5016593954726432,24.757761436414206,provided_forward,pinhole,ego不带tof,24,right_hand,0.0,421
0.9096047282218933,7.262729000000036,18.836749916056817,-16.854969027373386,24.298203968530494,provided_forward,pinhole,ego不带tof,25,left_hand,0.0,436
0.9887590408325195,7.262729000000036,19.69821635582298,-5.405564967509463,22.961560981591713,provided_forward,pinhole,ego不带tof,25,right_hand,0.0,436
0.9877358675003052,7.512587999999596,21.017416081286683,-2.2212056090661463,24.542691866949596,provided_forward,pinhole,ego不带tof,26,right_hand,0.0,451
0.8995147943496704,7.762459999999919,21.698226354842518,-18.895322885005953,38.90556401313779,provided_forward,pinhole,ego不带tof,27,left_hand,0.0,466
0.9884617924690247,7.762459999999919,19.862576893391406,-0.11340289082204436,22.172408707853116,provided_forward,pinhole,ego不带tof,27,right_hand,0.0,466
0.8593775033950806,8.012321000000156,14.827135587260045,-24.369318255205144,27.75380844883178,provided_forward,pinhole,ego不带tof,28,left_hand,0.0,481
0.9857780933380127,8.012321000000156,19.290216331538318,2.111914267443467,21.890327345312443,provided_forward,pinhole,ego不带tof,28,right_hand,0.0,481
0.9534967541694641,8.26221600000099,17.34265744431798,-23.106996923796146,29.931429962294285,provided_forward,pinhole,ego不带tof,29,left_hand,0.0,496
0.9872820377349854,8.26221600000099,18.954232477605956,2.633194696647365,22.051616843306043,provided_forward,pinhole,ego不带tof,29,right_hand,0.0,496
0.9583837389945984,8.512097000000722,12.062964475825765,-20.25853309577485,24.97134275454268,provided_forward,pinhole,ego不带tof,30,left_hand,0.0,511
0.9829189777374268,8.512097000000722,19.25322232319877,2.8339378607453227,22.642490413717073,provided_forward,pinhole,ego不带tof,30,right_hand,0.0,511
0.823424220085144,8.76195700000062,13.768654105206792,-13.038699312142967,21.52951318096822,provided_forward,pinhole,ego不带tof,31,left_hand,0.0,526
0.988023042678833,8.76195700000062,19.390926428936268,3.031852558836249,23.497606702329488,provided_forward,pinhole,ego不带tof,31,right_hand,0.0,526
0.9174787998199463,9.01182499999959,8.76766366627487,-12.936246804427356,17.805552055967116,provided_forward,pinhole,ego不带tof,32,left_hand,0.0,541
0.9903664588928223,9.01182499999959,19.711829039381882,2.959416407809499,22.849420550742806,provided_forward,pinhole,ego不带tof,32,right_hand,0.0,541
0.9366922378540039,9.261709000000337,6.562406912837446,-11.43090671285745,19.345191069543315,provided_forward,pinhole,ego不带tof,33,left_hand,0.0,556
0.992450475692749,9.261709000000337,20.798946339177746,2.8361511404709745,22.821274793346923,provided_forward,pinhole,ego不带tof,33,right_hand,0.0,556
0.8390963077545166,9.511540000001332,8.329780427652281,-11.589110199980382,17.69310500103579,provided_forward,pinhole,ego不带tof,34,left_hand,0.0,571
0.9901911020278931,9.511540000001332,18.23917229487563,4.4237176254945325,23.316706170079243,provided_forward,pinhole,ego不带tof,34,right_hand,0.0,571
0.8484763503074646,9.761405999999624,9.427611685355544,-7.614312541190884,17.658197907152168,provided_forward,pinhole,ego不带tof,35,left_hand,0.0,586
0.9911224842071533,9.761405999999624,19.97204395089875,4.045042669609302,22.992822658567672,provided_forward,pinhole,ego不带tof,35,right_hand,0.0,586
0.9052445292472839,10.011264000000665,10.392391273081557,-6.25574324387901,19.235281528433795,provided_forward,pinhole,ego不带tof,36,left_hand,0.0,601
0.9852791428565979,10.011264000000665,20.054315559039424,6.88277600163633,25.357712095738513,provided_forward,pinhole,ego不带tof,36,right_hand,0.0,601
0.8451200723648071,10.261145000000397,7.3225707053717315,-7.758344608338689,20.62493914568264,provided_forward,pinhole,ego不带tof,37,left_hand,0.0,616
0.9813354015350342,10.261145000000397,21.999463178738893,9.018474112710464,25.55894774816076,provided_forward,pinhole,ego不带tof,37,right_hand,0.0,616
0.8631210923194885,10.511037000000215,11.032201981837488,-0.3322579481578032,14.422450264468694,provided_forward,pinhole,ego不带tof,38,left_hand,0.0,631
0.9883250594139099,10.511037000000215,20.471387189585244,11.441277324718271,24.350226897484312,provided_forward,pinhole,ego不带tof,38,right_hand,0.0,631
0.8944457769393921,10.760866000000533,6.562000785562645,19.584650992674142,19.587244918909438,provided_forward,pinhole,ego不带tof,39,left_hand,0.0,646
0.9838314652442932,10.760866000000533,19.687658642415954,13.355714060516675,24.187055032447592,provided_forward,pinhole,ego不带tof,39,right_hand,0.0,646
0.9323998689651489,11.010725000000093,9.587280611770211,39.96070151848994,40.02339011989589,provided_forward,pinhole,ego不带tof,40,left_hand,0.0,661
0.9856969118118286,11.010725000000093,19.650664595373655,11.05601220029871,25.507124700082635,provided_forward,pinhole,ego不带tof,40,right_hand,0.0,661
0.943682074546814,11.260605000001306,9.633025184890812,52.16701313207284,52.676621737955166,provided_forward,pinhole,ego不带tof,41,left_hand,0.0,676
0.9903724193572998,11.260605000001306,18.448884875892645,8.849161984949546,25.042434973875412,provided_forward,pinhole,ego不带tof,41,right_hand,0.0,676
0.9048742055892944,11.51044499999989,10.162252348149764,63.30985480974891,63.3656302274191,provided_forward,pinhole,ego不带tof,42,left_hand,0.0,691
0.9808254837989807,11.51044499999989,18.509013225075023,9.1926160312413,25.82663193032888,provided_forward,pinhole,ego不带tof,42,right_hand,0.0,691
0.9348177909851074,11.760308000000805,8.045061764730633,62.42834702707182,62.498311923758365,provided_forward,pinhole,ego不带tof,43,left_hand,0.0,706
0.9716485142707825,11.760308000000805,19.56454451425043,7.685168348871002,23.910639721758088,provided_forward,pinhole,ego不带tof,43,right_hand,0.0,706
0.9460092782974243,12.010174000000916,9.546795430153338,63.17209763016149,63.17639433661895,provided_forward,pinhole,ego不带tof,44,left_hand,0.0,721
0.9781802892684937,12.010174000000916,20.547818201479913,8.349695486919018,24.738104792641042,provided_forward,pinhole,ego不带tof,44,right_hand,0.0,721
0.9465209245681763,12.260056000000986,9.724904296512022,63.05130223008507,63.07472399783838,provided_forward,pinhole,ego不带tof,45,left_hand,0.0,736
0.9689206480979919,12.260056000000986,19.22006864602588,9.736679737386794,26.148546426748485,provided_forward,pinhole,ego不带tof,45,right_hand,0.0,736
0.9677751064300537,12.509901000001264,8.95792860942413,63.142085441409904,63.18478774213134,provided_forward,pinhole,ego不带tof,46,left_hand,0.0,751
0.9856746792793274,12.509901000001264,21.114740435634644,9.19546678543577,25.55008628345574,provided_forward,pinhole,ego不带tof,46,right_hand,0.0,751
0.9670445322990417,12.759783999999854,10.26441429757108,61.62050072337718,61.62093136671544,provided_forward,pinhole,ego不带tof,47,left_hand,0.0,766
0.9836950898170471,12.759783999999854,22.314838498735185,8.738760496688997,23.83388136080306,provided_forward,pinhole,ego不带tof,47,right_hand,0.0,766
0.9643855690956116,13.009652000000642,8.915519360334486,58.558253774628724,58.558378143053105,provided_forward,pinhole,ego不带tof,48,left_hand,0.0,781
0.972465991973877,13.009652000000642,21.977191374046697,8.337684707314452,24.009351045710215,provided_forward,pinhole,ego不带tof,48,right_hand,0.0,781
0.9504839777946472,13.259533000000374,8.181575415405518,57.40424616568248,58.05353289838033,provided_forward,pinhole,ego不带tof,49,left_hand,0.0,796
0.9764343500137329,13.259533000000374,18.134873435237978,11.27681607088698,22.62165438395888,provided_forward,pinhole,ego不带tof,49,right_hand,0.0,796
0.950554609298706,13.509409000000232,9.239801054913642,58.04641000454865,59.25855660019628,provided_forward,pinhole,ego不带tof,50,left_hand,0.0,811
0.9903824925422668,13.509409000000232,18.960334829691305,-0.6314483188416489,23.65578561317932,provided_forward,pinhole,ego不带tof,50,right_hand,0.0,811
0.9668964743614197,13.759328000000096,9.23628876448737,56.140346144339674,56.14120761836653,provided_forward,pinhole,ego不带tof,51,left_hand,0.0,826
0.976258397102356,13.759328000000096,18.84580848377118,-22.066887381955326,30.126557992690916,provided_forward,pinhole,ego不带tof,51,right_hand,0.0,826
0.9670396447181702,14.009157000000414,9.126274116254535,55.18622890288714,55.1870178173662,provided_forward,pinhole,ego不带tof,52,left_hand,0.0,841
0.9799683690071106,14.009157000000414,17.843342499384335,-37.793743522192244,41.99563265267416,provided_forward,pinhole,ego不带tof,52,right_hand,0.0,841
0.9602237343788147,14.259038000000146,11.132853235507866,52.481283563505485,53.21426721794583,provided_forward,pinhole,ego不带tof,53,left_hand,0.0,856
0.9707745313644409,14.259038000000146,19.05827031586523,-41.25985607154166,45.75706984164307,provided_forward,pinhole,ego不带tof,53,right_hand,0.0,856
0.957150936126709,14.508916000000681,10.535908831269012,52.47129415072516,52.47129439518652,provided_forward,pinhole,ego不带tof,54,left_hand,0.0,871
0.9815106987953186,14.508916000000681,15.82399052701453,-31.533482689623042,35.67747978085665,provided_forward,pinhole,ego不带tof,54,right_hand,0.0,871
0.9671152830123901,14.758789999999863,10.321965139242707,49.50128920082682,49.95989792818303,provided_forward,pinhole,ego不带tof,55,left_hand,0.0,886
0.9771459102630615,15.008648000000903,10.479848361145343,48.64927226396435,49.53740027375509,provided_forward,pinhole,ego不带tof,56,left_hand,0.0,901
0.952790379524231,15.258490000000165,10.577266797436323,48.110092596034974,48.110093446792014,provided_forward,pinhole,ego不带tof,57,left_hand,0.0,916
0.9582735300064087,15.50839199999973,10.535266732621153,49.65746219421999,50.40377291835552,provided_forward,pinhole,ego不带tof,58,left_hand,0.0,931
0.9728660583496094,15.758240999999543,11.540762920021507,52.92090378248167,52.948826259047,provided_forward,pinhole,ego不带tof,59,left_hand,0.0,946
0.9729419946670532,16.008096999999907,10.630001478102713,54.490576033864386,54.54213342930506,provided_forward,pinhole,ego不带tof,60,left_hand,0.0,961
0.978851854801178,16.257940999999846,12.087698170432873,57.20741626771871,57.58157309757221,provided_forward,pinhole,ego不带tof,61,left_hand,0.0,976
0.9772488474845886,16.507848999999624,11.673775590902096,60.305578304030746,60.52663431884039,provided_forward,pinhole,ego不带tof,62,left_hand,0.0,991
0.9804502725601196,16.75770999999986,10.516919266657794,59.59815290371728,59.723896306491774,provided_forward,pinhole,ego不带tof,63,left_hand,0.0,1006
0.9800467491149902,17.00760100000116,9.084258215971886,58.85843781524909,58.88865348164159,provided_forward,pinhole,ego不带tof,64,left_hand,0.0,1021
0.9741369485855103,17.25746000000072,9.133992865317964,59.5534061774697,59.57557877933828,provided_forward,pinhole,ego不带tof,65,left_hand,0.0,1036
0.9692403078079224,17.50731100000121,9.723658035365474,53.16143986426698,53.18579424769997,provided_forward,pinhole,ego不带tof,66,left_hand,0.0,1051
0.971397876739502,17.75716300000022,9.66368418576451,52.52686095571664,52.550193015644126,provided_forward,pinhole,ego不带tof,67,left_hand,0.0,1066
0.971628725528717,17.75716300000022,12.927734874631824,-55.803737819036314,58.09220122370686,provided_forward,pinhole,ego不带tof,67,right_hand,0.0,1066
0.9767546653747559,18.007007000000158,9.362953267712783,53.451504816586976,53.482802389146144,provided_forward,pinhole,ego不带tof,68,left_hand,0.0,1081
0.9260832071304321,18.007007000000158,10.04380176748316,-46.74189439247698,47.49937007174957,provided_forward,pinhole,ego不带tof,68,right_hand,0.0,1081
0.9786585569381714,18.256868000000395,10.075803633340115,51.224565789005965,51.2746221170766,provided_forward,pinhole,ego不带tof,69,left_hand,0.0,1096
0.9423098564147949,18.256868000000395,5.864945050500637,-38.385038645529676,40.709436182391315,provided_forward,pinhole,ego不带tof,69,right_hand,0.0,1096
0.9795193076133728,18.506720000001224,9.63322201587431,51.32045005925829,51.35052816122802,provided_forward,pinhole,ego不带tof,70,left_hand,0.0,1111
0.7874274253845215,18.506720000001224,11.836652399149443,-34.88240500851816,39.47557498559892,provided_forward,pinhole,ego不带tof,70,right_hand,0.0,1111
0.9757036566734314,18.756585000000996,10.000706293018652,52.7718588571596,52.798523542478875,provided_forward,pinhole,ego不带tof,71,left_hand,0.0,1126
0.9689728617668152,19.006467999999586,9.682332911784727,52.79005128664926,52.790157205309264,provided_forward,pinhole,ego不带tof,72,left_hand,0.0,1141
0.9694435000419617,19.256341000000248,10.657837047445582,48.6547827047516,48.83124615060218,provided_forward,pinhole,ego不带tof,73,left_hand,0.0,1156
0.9676292538642883,19.50624500000049,10.075597519920393,44.36726486388818,44.40724030892237,provided_forward,pinhole,ego不带tof,74,left_hand,0.0,1171
0.9698778390884399,19.50624500000049,11.597255112094444,-36.11777289448594,37.04442962291459,provided_forward,pinhole,ego不带tof,74,right_hand,0.0,1171
0.969969630241394,19.756106000000727,11.707722697172073,37.6659996572339,37.695194654807224,provided_forward,pinhole,ego不带tof,75,left_hand,0.0,1186
0.9516679048538208,19.756106000000727,3.158140347578069,-35.24791563508916,35.713620347495365,provided_forward,pinhole,ego不带tof,75,right_hand,0.0,1186
0.9780076742172241,20.005957999999737,11.415150499280003,33.76666751892503,33.98008241644667,provided_forward,pinhole,ego不带tof,76,left_hand,0.0,1201
0.9749177098274231,20.005957999999737,16.344987003308347,-33.1348448188927,36.81415351014064,provided_forward,pinhole,ego不带tof,76,right_hand,0.0,1201
0.9785464406013489,20.255812999999762,11.465502321073075,32.51957292212251,33.291220496032174,provided_forward,pinhole,ego不带tof,77,left_hand,0.0,1216
0.9640072584152222,20.255812999999762,16.206341320570118,-32.59068944101364,37.19727658062469,provided_forward,pinhole,ego不带tof,77,right_hand,0.0,1216
0.9797219038009644,20.50567200000114,12.424571584880823,33.82098084077609,34.33168725468659,provided_forward,pinhole,ego不带tof,78,left_hand,0.0,1231
0.8995646834373474,20.50567200000114,11.591732571285547,-28.0399594261944,33.95842979596034,provided_forward,pinhole,ego不带tof,78,right_hand,0.0,1231
0.9675750732421875,20.755544999999984,11.245212616968672,35.88759835733015,36.735550402400776,provided_forward,pinhole,ego不带tof,79,left_hand,0.0,1246
0.9742792248725891,20.755544999999984,11.638664628006268,-39.11878358469551,40.850685102277815,provided_forward,pinhole,ego不带tof,79,right_hand,0.0,1246
0.9684275388717651,21.005385000000388,11.468831817138948,38.427535155070586,39.05819718225476,provided_forward,pinhole,ego不带tof,80,left_hand,0.0,1261
0.9641879200935364,21.005385000000388,13.548887196112446,-28.380029465721236,31.53878793837192,provided_forward,pinhole,ego不带tof,80,right_hand,0.0,1261
0.9743616580963135,21.255291999999827,11.619718907965876,42.5583033457541,43.39546007300893,provided_forward,pinhole,ego不带tof,81,left_hand,0.0,1276
0.9620964527130127,21.255291999999827,15.453276448094357,-23.93890302580462,28.09958166249924,provided_forward,pinhole,ego不带tof,81,right_hand,0.0,1276
0.9761024117469788,21.505209000000832,10.864039348574465,45.21316377899063,46.091251738706475,provided_forward,pinhole,ego不带tof,82,left_hand,0.0,1291
0.9629784226417542,21.505209000000832,13.04468524904587,-24.424672134213665,28.853044089662756,provided_forward,pinhole,ego不带tof,82,right_hand,0.0,1291
0.9585679769515991,21.755073000000266,9.92937716771445,46.03209859706817,46.76141368565991,provided_forward,pinhole,ego不带tof,83,left_hand,0.0,1306
0.9744383692741394,22.004953999999998,10.715767444637493,49.46655964139927,49.47449273180276,provided_forward,pinhole,ego不带tof,84,left_hand,0.0,1321
0.9847663640975952,22.004953999999998,16.782752173875906,-20.37126802613102,28.45231990630306,provided_forward,pinhole,ego不带tof,84,right_hand,0.0,1321
0.9736313819885254,22.254838000000746,9.603450723056028,51.20985862680493,51.21017216486683,provided_forward,pinhole,ego不带tof,85,left_hand,0.0,1336
0.9813405871391296,22.254838000000746,18.93787309130107,-11.367187426379132,24.15730509809921,provided_forward,pinhole,ego不带tof,85,right_hand,0.0,1336
0.9811893701553345,22.50470200000018,10.46808173567706,51.36424795230391,51.36687092455213,provided_forward,pinhole,ego不带tof,86,left_hand,0.0,1351
0.9832205176353455,22.50470200000018,20.133115231123384,-4.947065496703772,23.23840931128249,provided_forward,pinhole,ego不带tof,86,right_hand,0.0,1351
0.9683242440223694,22.754549000001134,10.215321140596586,51.096040434837164,51.096167252445355,provided_forward,pinhole,ego不带tof,87,left_hand,0.0,1366
0.9810724854469299,22.754549000001134,20.183229751967815,0.792229892121668,22.57740923977105,provided_forward,pinhole,ego不带tof,87,right_hand,0.0,1366
0.9664626717567444,23.004415999999765,10.036301691089761,51.77934588173059,51.79168547380113,provided_forward,pinhole,ego不带tof,88,left_hand,0.0,1381
0.9783617854118347,23.004415999999765,17.75389357683764,5.54126795989896,21.176662397957962,provided_forward,pinhole,ego不带tof,88,right_hand,0.0,1381
0.9709153771400452,23.254289000000426,10.521881629293091,52.67321242689218,52.7047130176357,provided_forward,pinhole,ego不带tof,89,left_hand,0.0,1396
0.9750438332557678,23.254289000000426,19.505324469573907,3.87052292438932,22.778995329892478,provided_forward,pinhole,ego不带tof,89,right_hand,0.0,1396
0.975739061832428,23.504159000000072,10.613085492498158,51.518123508649296,51.5209453502329,provided_forward,pinhole,ego不带tof,90,left_hand,0.0,1411
0.9707809686660767,23.504159000000072,19.182407010082443,3.1617106758482123,22.37073036377054,provided_forward,pinhole,ego不带tof,90,right_hand,0.0,1411
0.9720062017440796,23.75402899999972,10.288441665386472,51.63517918272214,51.654352271839684,provided_forward,pinhole,ego不带tof,91,left_hand,0.0,1426
0.9759223461151123,23.75402899999972,20.65481862809645,3.362440992778602,24.02398649720637,provided_forward,pinhole,ego不带tof,91,right_hand,0.0,1426
0.966107189655304,24.00390900000093,9.873371320975593,50.82025352384994,50.824511668264,provided_forward,pinhole,ego不带tof,92,left_hand,0.0,1441
0.9742716550827026,24.00390900000093,21.863147228847765,2.2138077124805022,22.716761078572794,provided_forward,pinhole,ego不带tof,92,right_hand,0.0,1441
0.9704896211624146,24.253772000000026,10.153927636538015,52.171437570504736,52.17367333511429,provided_forward,pinhole,ego不带tof,93,left_hand,0.0,1456
0.9721226096153259,24.253772000000026,20.50737459129482,2.078472326733163,21.85284690238079,provided_forward,pinhole,ego不带tof,93,right_hand,0.0,1456
0.9694717526435852,24.50363500000094,9.772107548593226,52.59064025693033,52.598140446573886,provided_forward,pinhole,ego不带tof,94,left_hand,0.0,1471
0.9750064611434937,24.50363500000094,22.209754606845763,2.397283322668841,23.28985144858627,provided_forward,pinhole,ego不带tof,94,right_hand,0.0,1471
0.9747170805931091,24.753507999999783,10.362380364425292,52.881329856914135,52.900198334585546,provided_forward,pinhole,ego不带tof,95,left_hand,0.0,1486
0.9787195920944214,24.753507999999783,21.30223175483104,2.5715367835385905,22.591513086103184,provided_forward,pinhole,ego不带tof,95,right_hand,0.0,1486
0.9620320796966553,1.0160280000000057,-11.767413610868516,68.37338064981577,71.90475913905185,provided_inverse,pinhole,ego不带tof,0,left_hand,0.0,61
0.97738116979599,1.0160280000000057,-17.216161004014793,39.13795600430194,43.16104208801641,provided_inverse,pinhole,ego不带tof,0,right_hand,0.0,61
0.8622627258300781,1.265863000000536,-10.98111752637027,31.44230128893514,34.942072458550776,provided_inverse,pinhole,ego不带tof,1,left_hand,0.0,76
0.9868857264518738,1.265863000000536,-20.125354685118737,29.21085131284383,38.283422169109876,provided_inverse,pinhole,ego不带tof,1,right_hand,0.0,76
0.9195961952209473,1.5157190000008995,-12.280192066474285,0.5740293738742821,17.992809996545283,provided_inverse,pinhole,ego不带tof,2,left_hand,0.0,91
0.9862293004989624,1.5157190000008995,-19.56066989891133,27.629021138600706,33.46648768035911,provided_inverse,pinhole,ego不带tof,2,right_hand,0.0,91
0.9643117189407349,1.7655699999995704,-10.098263597286632,-6.849362688369183,16.476829023225186,provided_inverse,pinhole,ego不带tof,3,left_hand,0.0,106
0.9903656840324402,1.7655699999995704,-19.05765601597068,27.42556871253521,33.834604108487795,provided_inverse,pinhole,ego不带tof,3,right_hand,0.0,106
0.86310875415802,2.015419000001202,-6.990150943429512,-1.686922590777499,15.800468209807724,provided_inverse,pinhole,ego不带tof,4,left_hand,0.0,121
0.9843211770057678,2.015419000001202,-19.907065551030655,30.104541551507168,36.57527524505993,provided_inverse,pinhole,ego不带tof,4,right_hand,0.0,121
0.5771262645721436,2.265279000001101,-8.17882249095237,15.790915253271692,20.855027911747907,provided_inverse,pinhole,ego不带tof,5,left_hand,0.0,136
0.9796554446220398,2.265279000001101,-20.80543614044609,32.27777431883305,39.104323000228206,provided_inverse,pinhole,ego不带tof,5,right_hand,0.0,136
0.8200352787971497,2.5151519999999437,-8.533000110649937,15.396477958145965,18.773310514719878,provided_inverse,pinhole,ego不带tof,6,left_hand,0.0,151
0.9842525124549866,2.5151519999999437,-18.625940262847962,36.6116388623127,41.07721693176872,provided_inverse,pinhole,ego不带tof,6,right_hand,0.0,151
0.9866629242897034,2.7650090000006458,-18.933647122823118,37.80325954290288,41.93413871237915,provided_inverse,pinhole,ego不带tof,7,right_hand,0.0,166
0.9796062707901001,3.014870000000883,-18.44686105598589,35.818905133220255,40.66927596338651,provided_inverse,pinhole,ego不带tof,8,right_hand,0.0,181
0.9883629083633423,3.2647460000007413,-17.781612821239378,34.122873003553195,38.645290033347834,provided_inverse,pinhole,ego不带tof,9,right_hand,0.0,196
0.9935052990913391,3.5146899999999732,-18.300817635124417,32.51250426073284,37.26117680708002,provided_inverse,pinhole,ego不带tof,10,right_hand,0.0,211
0.995847761631012,4.014427000000069,-20.775619594841714,35.32057460125793,41.22349788856357,provided_inverse,pinhole,ego不带tof,12,right_hand,0.0,241
0.9923847913742065,4.264295000000857,-20.82823343415498,37.05080342092151,41.05590552875774,provided_inverse,pinhole,ego不带tof,13,right_hand,0.0,256
0.7793506383895874,4.514199000001099,-15.401013160219122,8.617024036825,22.72823758294418,provided_inverse,pinhole,ego不带tof,14,left_hand,0.0,271
0.9937449097633362,4.514199000001099,-19.619672627006935,37.00197630820378,40.58138493178961,provided_inverse,pinhole,ego不带tof,14,right_hand,0.0,271
0.7193935513496399,4.764057000000321,-7.646647481896366,-1.5695943977027582,12.413924770626805,provided_inverse,pinhole,ego不带tof,15,left_hand,0.0,286
0.9894606471061707,4.764057000000321,-19.18899197097369,35.43099143662948,40.39353422235189,provided_inverse,pinhole,ego不带tof,15,right_hand,0.0,286
0.7161141037940979,5.013923000000432,-7.980814556922155,-6.167446221455975,15.62386939327419,provided_inverse,pinhole,ego不带tof,16,left_hand,0.0,301
0.9887954592704773,5.013923000000432,-20.761987876808234,33.0246165301146,39.57940069832672,provided_inverse,pinhole,ego不带tof,16,right_hand,0.0,301
0.5247360467910767,5.26379100000122,-9.625574300478206,2.1013515502783093,13.799621973758644,provided_inverse,pinhole,ego不带tof,17,left_hand,0.0,316
0.9846702814102173,5.26379100000122,-22.90341989773833,35.56652940750246,42.04667647557723,provided_inverse,pinhole,ego不带tof,17,right_hand,0.0,316
0.6304959058761597,5.513660000000527,-5.1006019576186645,9.177083736911072,14.85888656649418,provided_inverse,pinhole,ego不带tof,18,left_hand,0.0,331
0.9844402074813843,5.513660000000527,-21.904638832138744,33.6592795702976,42.00411673296891,provided_inverse,pinhole,ego不带tof,18,right_hand,0.0,331
0.5247448086738586,5.763521000000765,-1.0480224592851073,18.349545358906994,19.18634311999949,provided_inverse,pinhole,ego不带tof,19,left_hand,0.0,346
0.9875265955924988,5.763521000000765,-22.25217933030251,36.431614884041664,42.40625332579543,provided_inverse,pinhole,ego不带tof,19,right_hand,0.0,346
0.8615628480911255,6.01338399999986,-3.9164677229150584,19.160633502888345,20.05197785774251,provided_inverse,pinhole,ego不带tof,20,left_hand,0.0,361
0.9867231845855713,6.01338399999986,-20.728757844669417,35.711038990084376,40.56488379592923,provided_inverse,pinhole,ego不带tof,20,right_hand,0.0,361
0.9861642122268677,6.26327400000082,-19.17993815598993,37.15408422335031,41.61939145048151,provided_inverse,pinhole,ego不带tof,21,right_hand,0.0,376
0.9876024723052979,6.5131190000010974,-21.990218346792744,34.73760692273095,40.685439524217955,provided_inverse,pinhole,ego不带tof,22,right_hand,0.0,391
0.98420649766922,6.7629890000007435,-17.257619520042113,33.621085335724274,38.494833851707085,provided_inverse,pinhole,ego不带tof,23,right_hand,0.0,406
0.9864694476127625,7.012872000001153,-17.216815540581365,27.476397663639204,36.001456324627355,provided_inverse,pinhole,ego不带tof,24,right_hand,0.0,421
0.9096047282218933,7.262729000000036,5.358872119794796,0.10978611100790658,13.23499983644507,provided_inverse,pinhole,ego不带tof,25,left_hand,0.0,436
0.9887590408325195,7.262729000000036,-20.746071057414497,24.025749804120323,34.04623548150148,provided_inverse,pinhole,ego不带tof,25,right_hand,0.0,436
0.9877358675003052,7.512587999999596,-19.084165824201705,27.407356241432126,36.36845688606551,provided_inverse,pinhole,ego不带tof,26,right_hand,0.0,451
0.8995147943496704,7.762459999999919,5.5559320710164,1.528683909735605,20.836317001936493,provided_inverse,pinhole,ego不带tof,27,left_hand,0.0,466
0.9884617924690247,7.762459999999919,-17.896079480994672,28.329137289804066,35.018982690663286,provided_inverse,pinhole,ego不带tof,27,right_hand,0.0,466
0.8593775033950806,8.012321000000156,-4.296081517761877,-0.7069885609157609,8.106130388592293,provided_inverse,pinhole,ego不带tof,28,left_hand,0.0,481
0.9857780933380127,8.012321000000156,-16.884544939090574,30.37361700389772,37.10170683659257,provided_inverse,pinhole,ego不带tof,28,right_hand,0.0,481
0.9534967541694641,8.26221600000099,0.5653199174087149,-2.1786048931312507,11.771627151033094,provided_inverse,pinhole,ego不带tof,29,left_hand,0.0,496
0.9872820377349854,8.26221600000099,-18.844237906679155,30.79484161911637,37.04478644385431,provided_inverse,pinhole,ego不带tof,29,right_hand,0.0,496
0.9583837389945984,8.512097000000722,-7.1960266198686895,3.525841863097412,9.455362985838347,provided_inverse,pinhole,ego不带tof,30,left_hand,0.0,511
0.9829189777374268,8.512097000000722,-17.727165732359595,30.854376323186557,38.68434982668794,provided_inverse,pinhole,ego不带tof,30,right_hand,0.0,511
0.823424220085144,8.76195700000062,-2.569055592386576,7.687460259572049,10.617505676293435,provided_inverse,pinhole,ego不带tof,31,left_hand,0.0,526
0.988023042678833,8.76195700000062,-18.48603400160107,31.402304221876648,38.63239095896728,provided_inverse,pinhole,ego不带tof,31,right_hand,0.0,526
0.9174787998199463,9.01182499999959,-8.298502392173305,7.652507595027146,11.705853767712245,provided_inverse,pinhole,ego不带tof,32,left_hand,0.0,541
0.9903664588928223,9.01182499999959,-17.911907420755597,31.297555592520553,38.29435750060494,provided_inverse,pinhole,ego不带tof,32,right_hand,0.0,541
0.9366922378540039,9.261709000000337,-10.093716736179886,9.784909372878133,16.24204428656908,provided_inverse,pinhole,ego不带tof,33,left_hand,0.0,556
0.992450475692749,9.261709000000337,-18.853505548104863,31.681988470689703,39.21485005989262,provided_inverse,pinhole,ego不带tof,33,right_hand,0.0,556
0.8390963077545166,9.511540000001332,-10.60633232940927,10.680656756458347,17.24802906126686,provided_inverse,pinhole,ego不带tof,34,left_hand,0.0,571
0.9901911020278931,9.511540000001332,-17.655557161138063,31.994695036777102,39.09065237475268,provided_inverse,pinhole,ego不带tof,34,right_hand,0.0,571
0.8484763503074646,9.761405999999624,-11.135604322406039,15.561913834241523,21.243684463785925,provided_inverse,pinhole,ego不带tof,35,left_hand,0.0,586
0.9911224842071533,9.761405999999624,-19.80946285451944,32.46917872883307,39.45647044653542,provided_inverse,pinhole,ego不带tof,35,right_hand,0.0,586
0.9052445292472839,10.011264000000665,-9.748877641835293,17.582986304707674,23.85916408380287,provided_inverse,pinhole,ego不带tof,36,left_hand,0.0,601
0.9852791428565979,10.011264000000665,-18.465672206715112,35.049933224822894,41.05570532946329,provided_inverse,pinhole,ego不带tof,36,right_hand,0.0,601
0.8451200723648071,10.261145000000397,-11.343026683692756,15.48786055318476,24.18845015466095,provided_inverse,pinhole,ego不带tof,37,left_hand,0.0,616
0.9813354015350342,10.261145000000397,-21.092443609899306,37.843532752020906,43.43673367662866,provided_inverse,pinhole,ego不带tof,37,right_hand,0.0,616
0.8631210923194885,10.511037000000215,-9.042080209341634,23.692030357107114,30.18162404305115,provided_inverse,pinhole,ego不带tof,38,left_hand,0.0,631
0.9883250594139099,10.511037000000215,-20.508939044425688,39.348601966107935,44.15912390044048,provided_inverse,pinhole,ego不带tof,38,right_hand,0.0,631
0.8944457769393921,10.760866000000533,-12.01319094513076,38.339404055011755,42.073345268241006,provided_inverse,pinhole,ego不带tof,39,left_hand,0.0,646
0.9838314652442932,10.760866000000533,-18.232501839132397,41.3973265759314,44.901857429917186,provided_inverse,pinhole,ego不带tof,39,right_hand,0.0,646
0.9323998689651489,11.010725000000093,-12.08682778568135,58.68293414783011,61.09214674905796,provided_inverse,pinhole,ego不带tof,40,left_hand,0.0,661
0.9856969118118286,11.010725000000093,-15.931239929497792,38.38694598533584,44.964608704908024,provided_inverse,pinhole,ego不带tof,40,right_hand,0.0,661
0.943682074546814,11.260605000001306,-11.457959129887627,71.04592267554085,72.53475634456608,provided_inverse,pinhole,ego不带tof,41,left_hand,0.0,676
0.9903724193572998,11.260605000001306,-14.708205123167886,36.064202646440094,40.78820463551833,provided_inverse,pinhole,ego不带tof,41,right_hand,0.0,676
0.9048742055892944,11.51044499999989,-10.56689820686006,79.86555549320599,83.0562287926227,provided_inverse,pinhole,ego不带tof,42,left_hand,0.0,691
0.9808254837989807,11.51044499999989,-14.815197916546254,36.568646461315325,39.48538274962958,provided_inverse,pinhole,ego不带tof,42,right_hand,0.0,691
0.9348177909851074,11.760308000000805,-12.37477741412198,78.89780636531327,80.92689473953855,provided_inverse,pinhole,ego不带tof,43,left_hand,0.0,706
0.9716485142707825,11.760308000000805,-17.379562434153968,36.303334094081265,40.24899075441692,provided_inverse,pinhole,ego不带tof,43,right_hand,0.0,706
0.9460092782974243,12.010174000000916,-13.516235180257809,80.03259591210667,82.63276143559077,provided_inverse,pinhole,ego不带tof,44,left_hand,0.0,721
0.9781802892684937,12.010174000000916,-19.758783850583995,37.32605865426001,42.40217420283478,provided_inverse,pinhole,ego不带tof,44,right_hand,0.0,721
0.9465209245681763,12.260056000000986,-11.121782902924565,79.9205217198587,82.22091857902059,provided_inverse,pinhole,ego不带tof,45,left_hand,0.0,736
0.9689206480979919,12.260056000000986,-17.251409720396737,38.058803044291494,43.61997795180806,provided_inverse,pinhole,ego不带tof,45,right_hand,0.0,736
0.9677751064300537,12.509901000001264,-11.91989218244197,80.02806154559744,83.32258249707209,provided_inverse,pinhole,ego不带tof,46,left_hand,0.0,751
0.9856746792793274,12.509901000001264,-19.538184841099678,37.85013590865583,44.54299657618917,provided_inverse,pinhole,ego不带tof,46,right_hand,0.0,751
0.9670445322990417,12.759783999999854,-11.450252201734543,79.0028674592254,82.18104812444889,provided_inverse,pinhole,ego不带tof,47,left_hand,0.0,766
0.9836950898170471,12.759783999999854,-24.990821906355905,39.12962631612879,46.34445222558591,provided_inverse,pinhole,ego不带tof,47,right_hand,0.0,766
0.9643855690956116,13.009652000000642,-11.656560651734083,75.9824748030843,79.13788526135612,provided_inverse,pinhole,ego不带tof,48,left_hand,0.0,781
0.972465991973877,13.009652000000642,-22.330347359743087,37.70533934287664,43.57569844452666,provided_inverse,pinhole,ego不带tof,48,right_hand,0.0,781
0.9504839777946472,13.259533000000374,-13.11650649407602,75.56162333668419,78.29732781999411,provided_inverse,pinhole,ego不带tof,49,left_hand,0.0,796
0.9764343500137329,13.259533000000374,-19.67181410454384,38.57450388978282,43.283662832886755,provided_inverse,pinhole,ego不带tof,49,right_hand,0.0,796
0.950554609298706,13.509409000000232,-12.509203707846098,76.92343957803178,78.45668238349052,provided_inverse,pinhole,ego不带tof,50,left_hand,0.0,811
0.9903824925422668,13.509409000000232,-19.221627091914115,28.79750295557301,34.69688692969627,provided_inverse,pinhole,ego不带tof,50,right_hand,0.0,811
0.9668964743614197,13.759328000000096,-11.318876952989626,73.82112490981922,76.91226890905779,provided_inverse,pinhole,ego不带tof,51,left_hand,0.0,826
0.976258397102356,13.759328000000096,-19.887095882633616,9.848678108070544,26.300048585558972,provided_inverse,pinhole,ego不带tof,51,right_hand,0.0,826
0.9670396447181702,14.009157000000414,-11.366072983245033,72.9193418362438,76.01262505659352,provided_inverse,pinhole,ego不带tof,52,left_hand,0.0,841
0.9799683690071106,14.009157000000414,-18.28525959447404,-5.222809456631467,22.33435320012947,provided_inverse,pinhole,ego不带tof,52,right_hand,0.0,841
0.9602237343788147,14.259038000000146,-11.431896489052633,71.27251700599413,74.45106215405136,provided_inverse,pinhole,ego不带tof,53,left_hand,0.0,856
0.9707745313644409,14.259038000000146,-24.07581339800015,-5.4951339693835735,25.760533706232717,provided_inverse,pinhole,ego不带tof,53,right_hand,0.0,856
0.957150936126709,14.508916000000681,-10.942701665769846,70.88714159334484,74.25351993155503,provided_inverse,pinhole,ego不带tof,54,left_hand,0.0,871
0.9815106987953186,14.508916000000681,-15.891280331955727,-1.6809788645655317,17.6865765109873,provided_inverse,pinhole,ego不带tof,54,right_hand,0.0,871
0.9671152830123901,14.758789999999863,-11.18952651051734,67.94611548673151,71.41474870238625,provided_inverse,pinhole,ego不带tof,55,left_hand,0.0,886
0.9771459102630615,15.008648000000903,-10.828603083725284,67.45906113254443,70.16834983964128,provided_inverse,pinhole,ego不带tof,56,left_hand,0.0,901
0.952790379524231,15.258490000000165,-10.473970924272749,66.47794258327485,69.85557302770054,provided_inverse,pinhole,ego不带tof,57,left_hand,0.0,916
0.9582735300064087,15.50839199999973,-10.95617499373759,68.23959602484501,71.70629110558488,provided_inverse,pinhole,ego不带tof,58,left_hand,0.0,931
0.9728660583496094,15.758240999999543,-10.292907913162765,71.40212106143383,75.26142249727694,provided_inverse,pinhole,ego不带tof,59,left_hand,0.0,946
0.9729419946670532,16.008096999999907,-11.340647409956546,73.09856868671193,77.4351814342803,provided_inverse,pinhole,ego不带tof,60,left_hand,0.0,961
0.978851854801178,16.257940999999846,-11.738107293818587,76.09859459956408,80.55171785435583,provided_inverse,pinhole,ego不带tof,61,left_hand,0.0,976
0.9772488474845886,16.507848999999624,-11.115356567755043,78.44839372371916,83.64795529002713,provided_inverse,pinhole,ego不带tof,62,left_hand,0.0,991
0.9804502725601196,16.75770999999986,-11.656826687649641,77.49236283996242,82.35416133222094,provided_inverse,pinhole,ego不带tof,63,left_hand,0.0,1006
0.9800467491149902,17.00760100000116,-12.421669801417352,76.82126820087785,80.70110932880252,provided_inverse,pinhole,ego不带tof,64,left_hand,0.0,1021
0.9741369485855103,17.25746000000072,-12.165765066184349,76.75903305492602,80.39495186035242,provided_inverse,pinhole,ego不带tof,65,left_hand,0.0,1036
0.9692403078079224,17.50731100000121,-10.085552156351582,70.25256371899536,73.99476344465204,provided_inverse,pinhole,ego不带tof,66,left_hand,0.0,1051
0.971397876739502,17.75716300000022,-11.135585178598149,70.54623987997456,73.80434476863374,provided_inverse,pinhole,ego不带tof,67,left_hand,0.0,1066
0.971628725528717,17.75716300000022,-14.161818983935177,-26.482597276422894,30.575015487743986,provided_inverse,pinhole,ego不带tof,67,right_hand,0.0,1066
0.9767546653747559,18.007007000000158,-10.519568259325183,70.90015439642809,74.36174949963922,provided_inverse,pinhole,ego不带tof,68,left_hand,0.0,1081
0.9260832071304321,18.007007000000158,-17.48015434783281,-18.03832104207163,23.216727243573235,provided_inverse,pinhole,ego不带tof,68,right_hand,0.0,1081
0.9786585569381714,18.256868000000395,-10.682589105708473,68.72824805933794,72.2038820471197,provided_inverse,pinhole,ego不带tof,69,left_hand,0.0,1096
0.9423098564147949,18.256868000000395,-19.605295131130447,-12.624335608575734,21.494078421703804,provided_inverse,pinhole,ego不带tof,69,right_hand,0.0,1096
0.9795193076133728,18.506720000001224,-11.478404281426492,69.12343022536231,72.94971028069072,provided_inverse,pinhole,ego不带tof,70,left_hand,0.0,1111
0.7874274253845215,18.506720000001224,-15.759436273314918,-7.468017536194793,35.948318452014675,provided_inverse,pinhole,ego不带tof,70,right_hand,0.0,1111
0.9757036566734314,18.756585000000996,-11.704540477130877,70.88406557959365,73.90927173630419,provided_inverse,pinhole,ego不带tof,71,left_hand,0.0,1126
0.9689728617668152,19.006467999999586,-10.824407478486478,70.17042863721213,73.1815195648939,provided_inverse,pinhole,ego不带tof,72,left_hand,0.0,1141
0.9694435000419617,19.256341000000248,-10.357833696653529,66.62093705142911,70.00877172632792,provided_inverse,pinhole,ego不带tof,73,left_hand,0.0,1156
0.9676292538642883,19.50624500000049,-10.496812087558851,62.823633380165006,66.81137321613812,provided_inverse,pinhole,ego不带tof,74,left_hand,0.0,1171
0.9698778390884399,19.50624500000049,-16.923186405988872,-7.728087432778352,18.816290125168166,provided_inverse,pinhole,ego不带tof,74,right_hand,0.0,1171
0.969969630241394,19.756106000000727,-10.321252646405242,56.84278319636337,59.86000504250912,provided_inverse,pinhole,ego不带tof,75,left_hand,0.0,1186
0.9516679048538208,19.756106000000727,-19.728523504262284,-9.043651758694637,23.79626902807139,provided_inverse,pinhole,ego不带tof,75,right_hand,0.0,1186
0.9780076742172241,20.005957999999737,-11.104109816330947,53.896569534477294,58.187402942033295,provided_inverse,pinhole,ego不带tof,76,left_hand,0.0,1201
0.9749177098274231,20.005957999999737,-8.436917088705968,-6.941831453570558,15.75674327270098,provided_inverse,pinhole,ego不带tof,76,right_hand,0.0,1201
0.9785464406013489,20.255812999999762,-11.236077110969745,53.45009523003546,57.0862182809045,provided_inverse,pinhole,ego不带tof,77,left_hand,0.0,1216
0.9640072584152222,20.255812999999762,-8.173091761746264,-5.767271552489319,16.07358146835925,provided_inverse,pinhole,ego不带tof,77,right_hand,0.0,1216
0.9797219038009644,20.50567200000114,-10.3914503839016,54.449177754900006,58.78137792030378,provided_inverse,pinhole,ego不带tof,78,left_hand,0.0,1231
0.8995646834373474,20.50567200000114,-13.609794061938032,-0.13251927214582793,18.31331484865313,provided_inverse,pinhole,ego不带tof,78,right_hand,0.0,1231
0.9675750732421875,20.755544999999984,-10.755612093884451,55.6500464246169,59.66555257975852,provided_inverse,pinhole,ego不带tof,79,left_hand,0.0,1246
0.9742792248725891,20.755544999999984,-13.096669874443819,-12.107272210092901,18.5639590652813,provided_inverse,pinhole,ego不带tof,79,right_hand,0.0,1246
0.9684275388717651,21.005385000000388,-10.920040734968609,58.57621668775596,61.76920668854408,provided_inverse,pinhole,ego不带tof,80,left_hand,0.0,1261
0.9641879200935364,21.005385000000388,-13.024054496160602,-0.3899974844349572,15.701988398927897,provided_inverse,pinhole,ego不带tof,80,right_hand,0.0,1261
0.9743616580963135,21.255291999999827,-10.620218502275975,62.528685258377664,65.30857119755306,provided_inverse,pinhole,ego不带tof,81,left_hand,0.0,1276
0.9620964527130127,21.255291999999827,-11.821248458254786,4.008282210780749,14.94378838887033,provided_inverse,pinhole,ego不带tof,81,right_hand,0.0,1276
0.9761024117469788,21.505209000000832,-10.959081332989854,64.07733793499608,67.4305582124099,provided_inverse,pinhole,ego不带tof,82,left_hand,0.0,1291
0.9629784226417542,21.505209000000832,-19.534278685170534,6.544783431174096,22.051877746014746,provided_inverse,pinhole,ego不带tof,82,right_hand,0.0,1291
0.9585679769515991,21.755073000000266,-11.800161675431411,65.01863446822802,68.3105243668276,provided_inverse,pinhole,ego不带tof,83,left_hand,0.0,1306
0.9744383692741394,22.004953999999998,-10.743907313773548,67.98471908788099,71.0495540849727,provided_inverse,pinhole,ego不带tof,84,left_hand,0.0,1321
0.9847663640975952,22.004953999999998,-16.418651398047473,9.273748649690333,21.540444280685037,provided_inverse,pinhole,ego不带tof,84,right_hand,0.0,1321
0.9736313819885254,22.254838000000746,-11.212133138236368,68.82267698343321,72.11070367224947,provided_inverse,pinhole,ego不带tof,85,left_hand,0.0,1336
0.9813405871391296,22.254838000000746,-18.97790161189255,19.058791884272523,28.534224334616418,provided_inverse,pinhole,ego不带tof,85,right_hand,0.0,1336
0.9811893701553345,22.50470200000018,-10.881807315519723,69.02941783400684,71.95561812216036,provided_inverse,pinhole,ego不带tof,86,left_hand,0.0,1351
0.9832205176353455,22.50470200000018,-21.95431817361441,26.852137420606027,34.64352417447376,provided_inverse,pinhole,ego不带tof,86,right_hand,0.0,1351
0.9683242440223694,22.754549000001134,-10.585760530201696,68.73532089214712,72.16155418241382,provided_inverse,pinhole,ego不带tof,87,left_hand,0.0,1366
0.9810724854469299,22.754549000001134,-19.14420637863566,30.230162482639457,36.32592983748141,provided_inverse,pinhole,ego不带tof,87,right_hand,0.0,1366
0.9664626717567444,23.004415999999765,-11.151418908959101,69.19053267490222,72.86610953013138,provided_inverse,pinhole,ego不带tof,88,left_hand,0.0,1381
0.9783617854118347,23.004415999999765,-16.258003378362446,33.32077187887921,39.75068964907819,provided_inverse,pinhole,ego不带tof,88,right_hand,0.0,1381
0.9709153771400452,23.254289000000426,-11.34431479527666,69.97046468233953,73.79410027899326,provided_inverse,pinhole,ego不带tof,89,left_hand,0.0,1396
0.9750438332557678,23.254289000000426,-20.689688727813746,33.21597078910918,39.07966958855858,provided_inverse,pinhole,ego不带tof,89,right_hand,0.0,1396
0.975739061832428,23.504159000000072,-11.525009973396777,68.998809073963,72.02846488928438,provided_inverse,pinhole,ego不带tof,90,left_hand,0.0,1411
0.9707809686660767,23.504159000000072,-20.336977443291516,32.05681406672909,40.93746517846492,provided_inverse,pinhole,ego不带tof,90,right_hand,0.0,1411
0.9720062017440796,23.75402899999972,-11.36999703642607,68.95673540830194,72.43233210356746,provided_inverse,pinhole,ego不带tof,91,left_hand,0.0,1426
0.9759223461151123,23.75402899999972,-20.342673005651136,32.75575721934331,40.76515138784783,provided_inverse,pinhole,ego不带tof,91,right_hand,0.0,1426
0.966107189655304,24.00390900000093,-11.606737550470939,68.03427053432927,71.50350642587782,provided_inverse,pinhole,ego不带tof,92,left_hand,0.0,1441
0.9742716550827026,24.00390900000093,-20.577392569590756,33.044782905266175,40.058411851389735,provided_inverse,pinhole,ego不带tof,92,right_hand,0.0,1441
0.9704896211624146,24.253772000000026,-11.522316433375806,69.4452088541965,72.82381552503809,provided_inverse,pinhole,ego不带tof,93,left_hand,0.0,1456
0.9721226096153259,24.253772000000026,-23.220677433951323,32.777287683601344,40.43156589865824,provided_inverse,pinhole,ego不带tof,93,right_hand,0.0,1456
0.9694717526435852,24.50363500000094,-12.796990865749024,69.71909998881051,73.12884896272816,provided_inverse,pinhole,ego不带tof,94,left_hand,0.0,1471
0.9750064611434937,24.50363500000094,-23.518734109054208,33.9401467084964,42.1509235908639,provided_inverse,pinhole,ego不带tof,94,right_hand,0.0,1471
0.9747170805931091,24.753507999999783,-11.177276618754092,70.11611232752477,73.69668411104601,provided_inverse,pinhole,ego不带tof,95,left_hand,0.0,1486
0.9787195920944214,24.753507999999783,-23.792586907443024,33.886612899276656,42.021845774004404,provided_inverse,pinhole,ego不带tof,95,right_hand,0.0,1486
